Year,2017
January-2017,00:00:00,01:00:00,02:00:00,03:00:00,04:00:00,05:00:00,06:00:00,07:00:00,08:00:00,09:00:00,10:00:00,11:00:00,12:00:00,13:00:00,14:00:00,15:00:00,16:00:00,17:00:00,18:00:00,19:00:00,20:00:00,21:00:00,22:00:00,23:00:00
"
"
February-2017,00:00:00,01:00:00,02:00:00,03:00:00,04:00:00,05:00:00,06:00:00,07:00:00,08:00:00,09:00:00,10:00:00,11:00:00,12:00:00,13:00:00,14:00:00,15:00:00,16:00:00,17:00:00,18:00:00,19:00:00,20:00:00,21:00:00,22:00:00,23:00:00
"
"
March-2017,00:00:00,01:00:00,02:00:00,03:00:00,04:00:00,05:00:00,06:00:00,07:00:00,08:00:00,09:00:00,10:00:00,11:00:00,12:00:00,13:00:00,14:00:00,15:00:00,16:00:00,17:00:00,18:00:00,19:00:00,20:00:00,21:00:00,22:00:00,23:00:00
"
"
April-2017,00:00:00,01:00:00,02:00:00,03:00:00,04:00:00,05:00:00,06:00:00,07:00:00,08:00:00,09:00:00,10:00:00,11:00:00,12:00:00,13:00:00,14:00:00,15:00:00,16:00:00,17:00:00,18:00:00,19:00:00,20:00:00,21:00:00,22:00:00,23:00:00
"
"
May-2017,00:00:00,01:00:00,02:00:00,03:00:00,04:00:00,05:00:00,06:00:00,07:00:00,08:00:00,09:00:00,10:00:00,11:00:00,12:00:00,13:00:00,14:00:00,15:00:00,16:00:00,17:00:00,18:00:00,19:00:00,20:00:00,21:00:00,22:00:00,23:00:00
"
"
June-2017,00:00:00,01:00:00,02:00:00,03:00:00,04:00:00,05:00:00,06:00:00,07:00:00,08:00:00,09:00:00,10:00:00,11:00:00,12:00:00,13:00:00,14:00:00,15:00:00,16:00:00,17:00:00,18:00:00,19:00:00,20:00:00,21:00:00,22:00:00,23:00:00
"
"
July-2017,00:00:00,01:00:00,02:00:00,03:00:00,04:00:00,05:00:00,06:00:00,07:00:00,08:00:00,09:00:00,10:00:00,11:00:00,12:00:00,13:00:00,14:00:00,15:00:00,16:00:00,17:00:00,18:00:00,19:00:00,20:00:00,21:00:00,22:00:00,23:00:00
"
"
August-2017,00:00:00,01:00:00,02:00:00,03:00:00,04:00:00,05:00:00,06:00:00,07:00:00,08:00:00,09:00:00,10:00:00,11:00:00,12:00:00,13:00:00,14:00:00,15:00:00,16:00:00,17:00:00,18:00:00,19:00:00,20:00:00,21:00:00,22:00:00,23:00:00
"
"
September-2017,00:00:00,01:00:00,02:00:00,03:00:00,04:00:00,05:00:00,06:00:00,07:00:00,08:00:00,09:00:00,10:00:00,11:00:00,12:00:00,13:00:00,14:00:00,15:00:00,16:00:00,17:00:00,18:00:00,19:00:00,20:00:00,21:00:00,22:00:00,23:00:00
"
"
October-2017,00:00:00,01:00:00,02:00:00,03:00:00,04:00:00,05:00:00,06:00:00,07:00:00,08:00:00,09:00:00,10:00:00,11:00:00,12:00:00,13:00:00,14:00:00,15:00:00,16:00:00,17:00:00,18:00:00,19:00:00,20:00:00,21:00:00,22:00:00,23:00:00
"
"
November-2017,00:00:00,01:00:00,02:00:00,03:00:00,04:00:00,05:00:00,06:00:00,07:00:00,08:00:00,09:00:00,10:00:00,11:00:00,12:00:00,13:00:00,14:00:00,15:00:00,16:00:00,17:00:00,18:00:00,19:00:00,20:00:00,21:00:00,22:00:00,23:00:00
"
"
December-2017,00:00:00,01:00:00,02:00:00,03:00:00,04:00:00,05:00:00,06:00:00,07:00:00,08:00:00,09:00:00,10:00:00,11:00:00,12:00:00,13:00:00,14:00:00,15:00:00,16:00:00,17:00:00,18:00:00,19:00:00,20:00:00,21:00:00,22:00:00,23:00:00
"
"
Year,2018
January-2018,00:00:00,01:00:00,02:00:00,03:00:00,04:00:00,05:00:00,06:00:00,07:00:00,08:00:00,09:00:00,10:00:00,11:00:00,12:00:00,13:00:00,14:00:00,15:00:00,16:00:00,17:00:00,18:00:00,19:00:00,20:00:00,21:00:00,22:00:00,23:00:00
"
"
February-2018,00:00:00,01:00:00,02:00:00,03:00:00,04:00:00,05:00:00,06:00:00,07:00:00,08:00:00,09:00:00,10:00:00,11:00:00,12:00:00,13:00:00,14:00:00,15:00:00,16:00:00,17:00:00,18:00:00,19:00:00,20:00:00,21:00:00,22:00:00,23:00:00
"
"
March-2018,00:00:00,01:00:00,02:00:00,03:00:00,04:00:00,05:00:00,06:00:00,07:00:00,08:00:00,09:00:00,10:00:00,11:00:00,12:00:00,13:00:00,14:00:00,15:00:00,16:00:00,17:00:00,18:00:00,19:00:00,20:00:00,21:00:00,22:00:00,23:00:00
"
"
April-2018,00:00:00,01:00:00,02:00:00,03:00:00,04:00:00,05:00:00,06:00:00,07:00:00,08:00:00,09:00:00,10:00:00,11:00:00,12:00:00,13:00:00,14:00:00,15:00:00,16:00:00,17:00:00,18:00:00,19:00:00,20:00:00,21:00:00,22:00:00,23:00:00
"
"
May-2018,00:00:00,01:00:00,02:00:00,03:00:00,04:00:00,05:00:00,06:00:00,07:00:00,08:00:00,09:00:00,10:00:00,11:00:00,12:00:00,13:00:00,14:00:00,15:00:00,16:00:00,17:00:00,18:00:00,19:00:00,20:00:00,21:00:00,22:00:00,23:00:00
"
"
June-2018,00:00:00,01:00:00,02:00:00,03:00:00,04:00:00,05:00:00,06:00:00,07:00:00,08:00:00,09:00:00,10:00:00,11:00:00,12:00:00,13:00:00,14:00:00,15:00:00,16:00:00,17:00:00,18:00:00,19:00:00,20:00:00,21:00:00,22:00:00,23:00:00
1,,,,,,,,,,,,,,,,,,,,,,,,
2,,,,,,,,,,,,,,,,,,,,,,,,
3,,,,,,,,,,,,,,,,,,,,,,,,
"
"
July-2018,00:00:00,01:00:00,02:00:00,03:00:00,04:00:00,05:00:00,06:00:00,07:00:00,08:00:00,09:00:00,10:00:00,11:00:00,12:00:00,13:00:00,14:00:00,15:00:00,16:00:00,17:00:00,18:00:00,19:00:00,20:00:00,21:00:00,22:00:00,23:00:00
1,,,,,,,,,,,42.0,,,,,,,,,,,,,
2,,,,,,,,,,,,43.0,48.0,50.0,52.0,54.0,49.0,47.0,36.0,38.0,38.0,34.0,32.0,28.0
3,31.0,,,,,,,,,,,39.0,45.0,50.0,52.0,49.0,45.0,42.0,47.0,55.0,58.0,65.0,67.0,64.0
4,60.0,42.0,34.0,34.0,30.0,34.0,30.0,34.0,46.0,64.0,51.0,50.0,46.0,62.0,86.0,47.0,68.0,120.0,89.0,138.0,130.0,64.0,53.0,44.0
5,42.0,38.0,37.0,30.0,24.0,26.0,28.0,34.0,39.0,46.0,54.0,58.0,71.0,55.0,,,55.0,60.0,60.0,61.0,68.0,68.0,58.0,52.0
6,43.0,41.0,38.0,31.0,32.0,31.0,26.0,32.0,37.0,45.0,56.0,66.0,61.0,64.0,63.0,48.0,38.0,36.0,38.0,31.0,40.0,26.0,21.0,20.0
7,19.0,27.0,30.0,27.0,24.0,23.0,19.0,16.0,26.0,29.0,42.0,36.0,34.0,32.0,37.0,39.0,40.0,43.0,37.0,34.0,36.0,34.0,22.0,23.0
8,20.0,23.0,26.0,28.0,25.0,22.0,17.0,25.0,26.0,31.0,24.0,32.0,35.0,42.0,44.0,45.0,46.0,36.0,29.0,39.0,35.0,32.0,30.0,22.0
9,27.0,34.0,34.0,30.0,31.0,31.0,34.0,38.0,46.0,47.0,44.0,41.0,40.0,42.0,47.0,55.0,50.0,54.0,57.0,51.0,47.0,50.0,39.0,28.0
10,22.0,24.0,28.0,28.0,31.0,26.0,27.0,33.0,39.0,49.0,50.0,54.0,52.0,55.0,44.0,39.0,27.0,32.0,36.0,38.0,55.0,45.0,42.0,46.0
11,35.0,27.0,27.0,27.0,31.0,32.0,34.0,34.0,37.0,38.0,40.0,42.0,42.0,40.0,42.0,36.0,30.0,,,,,,,
12,,,,,,,,,,,,39.0,39.0,39.0,34.0,40.0,39.0,34.0,34.0,36.0,38.0,35.0,31.0,29.0
13,27.0,26.0,28.0,31.0,35.0,,,22.0,33.0,34.0,38.0,36.0,38.0,36.0,34.0,33.0,26.0,27.0,24.0,31.0,33.0,40.0,32.0,32.0
14,28.0,29.0,34.0,32.0,31.0,30.0,31.0,51.0,36.0,40.0,38.0,39.0,48.0,47.0,47.0,41.0,39.0,31.0,34.0,44.0,54.0,41.0,32.0,40.0
15,33.0,18.0,20.0,26.0,34.0,38.0,43.0,43.0,41.0,41.0,51.0,60.0,68.0,65.0,66.0,60.0,73.0,77.0,63.0,50.0,56.0,54.0,31.0,30.0
16,32.0,29.0,26.0,29.0,32.0,26.0,17.0,22.0,25.0,26.0,37.0,42.0,42.0,41.0,46.0,44.0,37.0,29.0,24.0,17.0,31.0,37.0,39.0,35.0
17,21.0,25.0,25.0,23.0,28.0,27.0,29.0,27.0,37.0,34.0,38.0,33.0,35.0,34.0,38.0,63.0,36.0,41.0,35.0,48.0,,,,
18,,,,,,,,,,,,,,,,,,,,,,,,
19,,,,,,,,,,,,,,,,,,,,,,,,
20,,,,,,,,,,,,,,,,30.0,29.0,28.0,34.0,44.0,39.0,45.0,49.0,44.0
21,37.0,32.0,34.0,33.0,29.0,28.0,33.0,49.0,41.0,49.0,64.0,55.0,47.0,43.0,39.0,40.0,38.0,37.0,36.0,43.0,45.0,49.0,45.0,42.0
22,49.0,47.0,32.0,31.0,27.0,38.0,32.0,35.0,36.0,35.0,55.0,58.0,63.0,64.0,72.0,93.0,78.0,52.0,61.0,62.0,60.0,53.0,56.0,42.0
23,33.0,33.0,36.0,34.0,26.0,,,,39.0,43.0,49.0,46.0,43.0,53.0,48.0,47.0,43.0,46.0,44.0,34.0,38.0,48.0,42.0,38.0
24,30.0,28.0,25.0,26.0,22.0,30.0,38.0,39.0,41.0,50.0,46.0,38.0,34.0,32.0,33.0,31.0,33.0,31.0,32.0,24.0,35.0,31.0,28.0,27.0
25,28.0,26.0,28.0,,,,,,,,36.0,31.0,28.0,30.0,30.0,29.0,31.0,25.0,31.0,42.0,37.0,27.0,34.0,30.0
26,26.0,34.0,29.0,26.0,28.0,28.0,26.0,26.0,34.0,38.0,34.0,34.0,37.0,32.0,31.0,34.0,36.0,34.0,42.0,62.0,75.0,72.0,65.0,64.0
27,58.0,53.0,46.0,40.0,36.0,30.0,34.0,37.0,43.0,51.0,54.0,52.0,50.0,45.0,43.0,50.0,40.0,38.0,43.0,47.0,58.0,58.0,62.0,63.0
28,62.0,57.0,48.0,44.0,42.0,42.0,40.0,51.0,61.0,67.0,61.0,48.0,48.0,43.0,48.0,48.0,50.0,50.0,47.0,44.0,44.0,38.0,41.0,38.0
29,40.0,39.0,25.0,24.0,26.0,32.0,36.0,37.0,40.0,43.0,46.0,44.0,41.0,37.0,32.0,36.0,42.0,39.0,43.0,45.0,55.0,60.0,52.0,58.0
30,54.0,60.0,62.0,52.0,42.0,38.0,42.0,44.0,52.0,50.0,52.0,48.0,44.0,45.0,49.0,49.0,41.0,31.0,29.0,33.0,42.0,46.0,47.0,50.0
31,49.0,44.0,38.0,34.0,36.0,37.0,40.0,42.0,43.0,48.0,46.0,47.0,38.0,35.0,36.0,34.0,42.0,48.0,60.0,50.0,46.0,49.0,51.0,48.0
"
"
August-2018,00:00:00,01:00:00,02:00:00,03:00:00,04:00:00,05:00:00,06:00:00,07:00:00,08:00:00,09:00:00,10:00:00,11:00:00,12:00:00,13:00:00,14:00:00,15:00:00,16:00:00,17:00:00,18:00:00,19:00:00,20:00:00,21:00:00,22:00:00,23:00:00
1,41.0,32.0,28.0,26.0,24.0,21.0,24.0,28.0,36.0,49.0,44.0,46,55,57,52,58,66,66,44,45,40,40,40,45
2,40.0,29.0,28.0,28.0,29.0,27.0,24.0,,,45.0,40.0,39,41,47,59,78,80,93,93,76,36,44,52,54
3,45.0,40.0,36.0,30.0,26.0,24.0,25.0,29.0,40.0,49.0,46.0,41,44,44,63,74,60,65,59,50,58,58,52,53
4,58.0,54.0,50.0,44.0,43.0,34.0,31.0,34.0,43.0,48.0,46.0,48,54,50,53,62,64,68,66,64,66,61,54,51
5,48.0,42.0,38.0,36.0,36.0,33.0,29.0,26.0,30.0,45.0,49.0,46,49,52,57,69,71,80,74,69,60,56,55,54
6,49.0,40.0,32.0,32.0,30.0,29.0,28.0,27.0,32.0,37.0,40.0,40,45,44,45,48,47,48,45,40,40,45,40,36
7,39.0,35.0,26.0,26.0,23.0,20.0,24.0,26.0,31.0,38.0,36.0,35,38,33,29,29,37,36,42,44,39,42,32,32
8,27.0,23.0,25.0,20.0,22.0,18.0,15.0,21.0,26.0,25.0,23.0,16,19,25,30,32,30,24,19,35,39,57,49,39
9,32.0,21.0,18.0,18.0,18.0,22.0,19.0,23.0,30.0,31.0,28.0,21,23,29,31,34,34,29,34,32,26,32,38,41
10,42.0,29.0,30.0,28.0,26.0,27.0,30.0,29.0,34.0,42.0,37.0,37,34,32,32,28,29,32,34,36,25,26,25,22
11,16.0,24.0,24.0,22.0,22.0,24.0,22.0,21.0,25.0,31.0,36.0,34,29,28,32,32,34,33,34,32,33,26,28,32
12,27.0,27.0,27.0,25.0,26.0,25.0,25.0,24.0,21.0,16.0,18.0,18,18,21,25,24,20,16,12,14,16,16,18,14
13,11.0,10.0,8.0,7.0,7.0,9.0,8.0,10.0,,24.0,21.0,25,24,30,25,25,26,26,32,23,24,20,18,14
14,13.0,10.0,12.0,12.0,12.0,14.0,15.0,12.0,17.0,23.0,24.0,22,20,22,20,19,21,21,23,25,32,30,25,21
15,17.0,17.0,24.0,22.0,25.0,22.0,19.0,13.0,22.0,22.0,18.0,17,22,22,30,35,28,24,24,16,22,26,25,18
16,18.0,18.0,20.0,21.0,20.0,20.0,18.0,16.0,18.0,23.0,31.0,26,28,29,28,26,24,22,26,33,28,31,33,22
17,19.0,24.0,22.0,19.0,18.0,18.0,17.0,15.0,24.0,27.0,26.0,29,34,36,32,31,30,40,36,32,33,36,33,28
18,28.0,25.0,20.0,24.0,25.0,28.0,28.0,31.0,30.0,35.0,30.0,32,32,30,36,38,48,46,48,54,58,52,44,39
19,39.0,38.0,28.0,30.0,31.0,30.0,30.0,20.0,20.0,21.0,20.0,26,27,28,28,36,40,42,45,40,34,34,33,28
20,,,,,,,,,,,,48,47,51,53,51,44,45,48,50,48,40,37,30
21,24.0,21.0,24.0,24.0,24.0,25.0,23.0,32.0,37.0,40.0,40.0,44,42,41,43,45,38,46,51,56,60,65,60,51
22,47.0,37.0,30.0,25.0,23.0,20.0,20.0,25.0,31.0,35.0,35.0,37,39,37,41,45,50,51,50,75,115,57,42,34
23,32.0,34.0,25.0,17.0,18.0,16.0,19.0,19.0,22.0,32.0,34.0,31,24,31,33,35,35,34,35,34,38,36,38,36
24,36.0,37.0,34.0,24.0,21.0,20.0,24.0,26.0,,37.0,34.0,32,29,35,32,32,31,17,43,38,28,28,32,35
25,26.0,26.0,27.0,28.0,32.0,27.0,27.0,32.0,39.0,35.0,32.0,36,36,39,33,39,41,46,46,54,56,47,52,51
26,44.0,39.0,36.0,36.0,36.0,32.0,30.0,32.0,38.0,39.0,41.0,33,32,32,36,38,35,28,18,26,28,22,19,21
27,23.0,27.0,22.0,20.0,23.0,25.0,21.0,28.0,33.0,37.0,30.0,28,28,30,31,31,36,36,34,44,59,58,48,42
28,32.0,24.0,21.0,18.0,17.0,20.0,24.0,25.0,29.0,33.0,36.0,34,42,42,53,33,34,31,54,54,61,66,72,68
29,55.0,28.0,26.0,24.0,32.0,28.0,24.0,28.0,30.0,35.0,24.0,23,31,28,33,33,33,34,29,37,32,27,53,50
30,32.0,33.0,38.0,32.0,32.0,24.0,23.0,28.0,38.0,45.0,40.0,37,36,28,32,33,35,36,37,40,34,18,20,22
31,21.0,19.0,15.0,16.0,13.0,17.0,14.0,16.0,30.0,31.0,29.0,26,26,29,35,36,33,35,42,48,36,39,30,28
"
"
September-2018,00:00:00,01:00:00,02:00:00,03:00:00,04:00:00,05:00:00,06:00:00,07:00:00,08:00:00,09:00:00,10:00:00,11:00:00,12:00:00,13:00:00,14:00:00,15:00:00,16:00:00,17:00:00,18:00:00,19:00:00,20:00:00,21:00:00,22:00:00,23:00:00
1,36.0,34.0,27.0,28.0,27.0,27.0,29.0,32.0,43.0,49.0,41.0,41.0,44.0,46.0,48.0,46.0,46.0,41.0,58.0,58.0,56.0,49.0,48.0,42.0
2,36.0,36.0,37.0,30.0,32.0,32.0,32.0,37.0,40.0,41.0,41.0,46.0,46.0,50.0,59.0,52.0,46.0,48.0,46.0,50.0,60.0,76.0,67.0,52.0
3,37.0,30.0,21.0,25.0,27.0,26.0,24.0,28.0,38.0,42.0,43.0,46.0,63.0,45.0,45.0,47.0,49.0,47.0,55.0,57.0,62.0,79.0,61.0,58.0
4,48.0,54.0,39.0,31.0,31.0,27.0,25.0,31.0,48.0,55.0,55.0,52.0,50.0,50.0,44.0,40.0,40.0,37.0,40.0,50.0,63.0,86.0,108.0,112.0
5,88.0,40.0,24.0,25.0,22.0,17.0,22.0,27.0,34.0,38.0,111.0,337.0,46.0,41.0,43.0,43.0,41.0,42.0,44.0,48.0,55.0,61.0,64.0,46.0
6,34.0,27.0,30.0,32.0,26.0,25.0,23.0,26.0,37.0,51.0,46.0,38.0,40.0,41.0,36.0,37.0,39.0,40.0,55.0,50.0,63.0,68.0,50.0,39.0
7,40.0,32.0,32.0,31.0,29.0,23.0,23.0,24.0,39.0,50.0,45.0,50.0,41.0,36.0,38.0,30.0,,37.0,36.0,42.0,48.0,39.0,26.0,24.0
8,25.0,22.0,20.0,18.0,16.0,17.0,16.0,21.0,31.0,41.0,36.0,34.0,29.0,27.0,27.0,22.0,25.0,22.0,28.0,33.0,44.0,54.0,46.0,50.0
9,30.0,25.0,25.0,24.0,25.0,24.0,21.0,25.0,36.0,40.0,35.0,38.0,46.0,53.0,46.0,37.0,37.0,35.0,29.0,33.0,41.0,54.0,64.0,70.0
10,55.0,41.0,41.0,35.0,28.0,29.0,30.0,32.0,37.0,51.0,60.0,61.0,60.0,45.0,42.0,36.0,37.0,41.0,40.0,62.0,97.0,90.0,88.0,100.0
11,107.0,99.0,71.0,58.0,51.0,45.0,33.0,30.0,39.0,48.0,60.0,70.0,74.0,85.0,98.0,102.0,84.0,65.0,71.0,67.0,90.0,66.0,32.0,29.0
12,31.0,34.0,32.0,34.0,35.0,33.0,25.0,46.0,54.0,78.0,89.0,61.0,73.0,69.0,65.0,60.0,52.0,52.0,50.0,45.0,45.0,68.0,82.0,86.0
13,87.0,72.0,64.0,65.0,62.0,38.0,36.0,42.0,54.0,64.0,62.0,62.0,74.0,71.0,60.0,53.0,47.0,60.0,132.0,91.0,72.0,64.0,68.0,203.0
14,84.0,56.0,74.0,64.0,82.0,57.0,49.0,40.0,47.0,65.0,71.0,71.0,94.0,124.0,127.0,142.0,137.0,85.0,57.0,71.0,78.0,87.0,89.0,56.0
15,56.0,52.0,40.0,39.0,28.0,26.0,26.0,25.0,31.0,41.0,52.0,39.0,38.0,43.0,43.0,49.0,46.0,49.0,44.0,47.0,79.0,104.0,101.0,72.0
16,72.0,43.0,28.0,21.0,23.0,22.0,22.0,30.0,35.0,44.0,43.0,33.0,32.0,37.0,41.0,39.0,33.0,44.0,60.0,98.0,111.0,109.0,71.0,33.0
17,37.0,36.0,33.0,29.0,28.0,29.0,22.0,25.0,34.0,42.0,37.0,28.0,27.0,25.0,24.0,27.0,31.0,56.0,62.0,74.0,57.0,47.0,42.0,38.0
18,35.0,22.0,18.0,20.0,22.0,20.0,23.0,24.0,31.0,38.0,30.0,26.0,25.0,26.0,26.0,26.0,27.0,26.0,29.0,46.0,81.0,60.0,41.0,36.0
19,33.0,29.0,28.0,26.0,26.0,26.0,23.0,24.0,29.0,32.0,26.0,25.0,27.0,27.0,29.0,31.0,34.0,32.0,36.0,45.0,48.0,47.0,50.0,54.0
20,46.0,46.0,38.0,40.0,42.0,42.0,43.0,45.0,56.0,71.0,60.0,48.0,45.0,46.0,45.0,46.0,44.0,45.0,33.0,26.0,49.0,81.0,70.0,58.0
21,45.0,46.0,36.0,28.0,32.0,34.0,38.0,42.0,48.0,53.0,52.0,44.0,41.0,40.0,44.0,44.0,42.0,42.0,46.0,48.0,74.0,78.0,68.0,53.0
22,54.0,51.0,42.0,38.0,39.0,35.0,32.0,38.0,49.0,58.0,59.0,48.0,46.0,41.0,42.0,42.0,42.0,42.0,42.0,37.0,66.0,90.0,105.0,
23,,,,,,,,,,,,,,,,,,,,,,,,
24,,,,,,,,,,,,30.0,34.0,45.0,57.0,64.0,62.0,62.0,57.0,36.0,57.0,76.0,64.0,43.0
25,34.0,31.0,23.0,30.0,36.0,,,,,,,46.0,57.0,63.0,64.0,61.0,54.0,42.0,84.0,110.0,121.0,106.0,93.0,82.0
26,64.0,46.0,33.0,26.0,25.0,34.0,44.0,33.0,36.0,42.0,44.0,51.0,55.0,61.0,56.0,58.0,56.0,55.0,69.0,,,,,
27,,,,,,,,,,,,,,,,49.0,51.0,57.0,74.0,79.0,69.0,77.0,100.0,108.0
28,84.0,72.0,69.0,62.0,59.0,58.0,46.0,49.0,56.0,69.0,74.0,72.0,58.0,54.0,45.0,38.0,40.0,50.0,53.0,64.0,64.0,,,
29,,,,,,,,,,,,75.0,63.0,64.0,39.0,36.0,49.0,57.0,73.0,103.0,106.0,112.0,105.0,93.0
30,67.0,58.0,52.0,53.0,46.0,39.0,42.0,54.0,70.0,84.0,73.0,52.0,50.0,45.0,46.0,50.0,50.0,45.0,54.0,79.0,101.0,82.0,94.0,103.0
"
"
October-2018,00:00:00,01:00:00,02:00:00,03:00:00,04:00:00,05:00:00,06:00:00,07:00:00,08:00:00,09:00:00,10:00:00,11:00:00,12:00:00,13:00:00,14:00:00,15:00:00,16:00:00,17:00:00,18:00:00,19:00:00,20:00:00,21:00:00,22:00:00,23:00:00
1,96.0,70.0,53.0,36.0,42.0,40.0,45.0,48.0,60.0,80.0,77.0,60.0,48.0,53.0,49.0,55.0,59.0,65.0,65.0,84.0,97.0,94.0,74.0,60.0
2,46.0,28.0,20.0,20.0,20.0,23.0,29.0,38.0,50.0,51.0,50.0,50.0,48.0,46.0,44.0,43.0,37.0,45.0,90.0,109.0,104.0,92.0,,64.0
3,54.0,39.0,24.0,20.0,18.0,23.0,36.0,32.0,,44.0,62.0,47.0,39.0,49.0,59.0,47.0,42.0,57.0,53.0,100.0,101.0,93.0,60.0,61.0
4,101.0,48.0,24.0,38.0,26.0,53.0,45.0,40.0,55.0,46.0,65.0,55.0,56.0,58.0,58.0,52.0,51.0,53.0,51.0,55.0,79.0,95.0,63.0,54.0
5,56.0,30.0,40.0,32.0,56.0,43.0,32.0,22.0,35.0,51.0,47.0,49.0,64.0,61.0,69.0,67.0,53.0,57.0,68.0,74.0,80.0,74.0,65.0,66.0
6,58.0,30.0,44.0,25.0,28.0,71.0,60.0,27.0,18.0,38.0,78.0,70.0,63.0,52.0,54.0,69.0,50.0,60.0,86.0,98.0,104.0,93.0,92.0,78.0
7,52.0,30.0,69.0,50.0,36.0,36.0,51.0,52.0,54.0,49.0,43.0,37.0,39.0,39.0,46.0,56.0,46.0,49.0,55.0,82.0,107.0,101.0,106.0,72.0
8,100.0,81.0,62.0,58.0,70.0,76.0,,101.0,102.0,101.0,97.0,68.0,77.0,70.0,67.0,64.0,60.0,58.0,63.0,79.0,70.0,60.0,82.0,98.0
9,92.0,59.0,47.0,41.0,54.0,43.0,30.0,32.0,38.0,36.0,37.0,59.0,59.0,71.0,54.0,58.0,67.0,66.0,80.0,90.0,113.0,128.0,124.0,76.0
10,94.0,107.0,105.0,127.0,,,,,,,,76.0,72.0,69.0,71.0,70.0,70.0,64.0,64.0,67.0,,67.0,70.0,
11,,,,,,,,,88.0,83.0,98.0,80.0,40.0,66.0,61.0,50.0,57.0,63.0,74.0,101.0,115.0,124.0,134.0,141.0
12,141.0,121.0,92.0,82.0,78.0,72.0,75.0,91.0,119.0,133.0,105.0,102.0,93.0,88.0,86.0,84.0,86.0,102.0,107.0,124.0,130.0,136.0,,
13,,,,170.0,169.0,165.0,145.0,101.0,117.0,158.0,158.0,150.0,142.0,109.0,83.0,78.0,78.0,76.0,88.0,94.0,117.0,155.0,138.0,163.0
14,,,,,,,,,,,,,,,,,,163.0,83.0,95.0,104.0,88.0,78.0,80.0
15,88.0,86.0,67.0,42.0,31.0,28.0,28.0,36.0,52.0,83.0,115.0,87.0,78.0,72.0,63.0,63.0,69.0,90.0,,,,,,
16,,,,,,,,,,,,99.0,88.0,66.0,58.0,48.0,52.0,61.0,,,,,,
17,,,,,,,,,,,,35.0,,,,,,,,,,,,
18,,,,,,,,,,,,,,,,,,,,,,,,
19,,,,,,,,,,,,,,,,,,,,,,,,
20,,,,,,,,,,,,,,,,,,,,,,,,
21,,,,,,,,,,,,,,,,,,,,,,,,
22,,,,,,,,,,,,,,,,,,,,,,,,
23,,,,,,,,,,,,,,,,,,,,,,,,
24,,,,,,,,,,,,,,,,,,,,,,,,
25,,,,,,,,,,,,,,,,,,,,,,,,
26,,,,,,,,,,,,,,,,,,,,,,,,
27,,,,,,,,,,,,,,,,,,,,,,,,
28,,,,,,,,,,,,,,,,,,,,,,,,
29,,,,,,,,,,,,,,,,,,,,,,,,
30,,,,,,,,,,,,,,,,,,,,,,,,
31,,,,,,,,,,,,,,,,,,,,,,,,
"
"
November-2018,00:00:00,01:00:00,02:00:00,03:00:00,04:00:00,05:00:00,06:00:00,07:00:00,08:00:00,09:00:00,10:00:00,11:00:00,12:00:00,13:00:00,14:00:00,15:00:00,16:00:00,17:00:00,18:00:00,19:00:00,20:00:00,21:00:00,22:00:00,23:00:00
1,,,,,,,,,,,,,,,,,,,,,,,,
2,,,,,,,,,,,,,,,,,,,,,,,,
3,,,,,,,,,,,,,,,,,,,,,,,,
4,,,,,,,,,,,,,,,,,,,,,,,,
5,,,,,,,,,,,,,66.0,56.0,55.0,53.0,52.0,70.0,112.0,91.0,103.0,117.0,119.0,108.0
6,98.0,96.0,83.0,,,,,,84.0,89.0,74.0,64.0,45.0,33.0,31.0,38.0,36.0,40.0,61.0,84.0,123.0,308.0,318.0,312.0
7,173.0,83.0,68.0,,,,,,66.0,78.0,70.0,70.0,59.0,56.0,46.0,39.0,43.0,48.0,61.0,88.0,311.0,438.0,474.0,437.0
8,337.0,250.0,121.0,65.0,63.0,72.0,69.0,80.0,126.0,149.0,96.0,77.0,69.0,59.0,54.0,44.0,42.0,54.0,69.0,90.0,154.0,320.0,350.0,324.0
9,192.0,64.0,,,,,,,62.0,79.0,77.0,74.0,65.0,56.0,48.0,43.0,50.0,68.0,72.0,84.0,100.0,105.0,104.0,93.0
10,88.0,78.0,69.0,70.0,,,,109.0,157.0,153.0,125.0,82.0,69.0,59.0,56.0,54.0,49.0,48.0,71.0,93.0,116.0,126.0,138.0,112.0
11,106.0,104.0,103.0,95.0,93.0,104.0,153.0,193.0,168.0,191.0,206.0,135.0,87.0,76.0,64.0,55.0,54.0,56.0,65.0,101.0,105.0,110.0,101.0,102.0
12,111.0,109.0,98.0,89.0,94.0,90.0,90.0,119.0,238.0,303.0,209.0,94.0,83.0,69.0,49.0,46.0,52.0,66.0,64.0,96.0,109.0,128.0,151.0,117.0
13,108.0,106.0,105.0,119.0,116.0,111.0,114.0,148.0,158.0,166.0,108.0,101.0,82.0,63.0,46.0,73.0,59.0,,76.0,85.0,119.0,121.0,135.0,104.0
14,94.0,78.0,80.0,76.0,71.0,85.0,100.0,130.0,248.0,253.0,142.0,79.0,62.0,60.0,64.0,60.0,65.0,76.0,93.0,118.0,141.0,155.0,177.0,153.0
15,116.0,107.0,111.0,100.0,91.0,,,,208.0,128.0,110.0,97.0,72.0,72.0,62.0,55.0,53.0,60.0,61.0,66.0,,54.0,52.0,53.0
16,52.0,48.0,,,,,,,,43.0,49.0,50.0,58.0,58.0,58.0,57.0,55.0,54.0,73.0,90.0,86.0,96.0,107.0,97.0
17,93.0,79.0,76.0,83.0,91.0,87.0,83.0,87.0,97.0,104.0,103.0,92.0,75.0,83.0,72.0,75.0,70.0,80.0,97.0,110.0,130.0,150.0,143.0,123.0
18,123.0,95.0,,,,,,,,,,,,,,,,,,,,,,
19,,,,,,,,,,,,62.0,55.0,56.0,51.0,57.0,57.0,64.0,,,,109.0,99.0,66.0
20,50.0,37.0,,,27.0,,,,67.0,77.0,66.0,59.0,47.0,47.0,44.0,42.0,38.0,47.0,57.0,71.0,90.0,81.0,77.0,70.0
21,,,58.0,62.0,53.0,57.0,55.0,58.0,72.0,75.0,71.0,65.0,71.0,83.0,72.0,63.0,59.0,47.0,62.0,58.0,57.0,48.0,35.0,29.0
22,34.0,,,,,,,47.0,53.0,67.0,,65.0,66.0,62.0,62.0,30.0,61.0,61.0,,,,,,
23,,,,,,,,,,,72.0,,,,,,,,,,,,,49.0
24,,,,,,,,,,,,,,,,,,,,,,,,
25,,,,,,,,,,,,,,,,,,,,,,,,
26,,,,,,,,,,,,,,,,,,,,,,,,
27,,,,,,,,,,,,,,,,,,,,,,,,
28,,,,,,,,,,,,,,,,,,,,,,,,
29,,,,,,,,,,,,,,,,,,,,,,,,
30,,,,,,,,,,,,,,,,,,,,,,,,
"
"
December-2018,00:00:00,01:00:00,02:00:00,03:00:00,04:00:00,05:00:00,06:00:00,07:00:00,08:00:00,09:00:00,10:00:00,11:00:00,12:00:00,13:00:00,14:00:00,15:00:00,16:00:00,17:00:00,18:00:00,19:00:00,20:00:00,21:00:00,22:00:00,23:00:00
1,,,,,,,,,,,,,,,,,,,,,,,,
2,,,,,,,,,,,,,,,,,,,,,,,,
3,,,,,,,,,,,,,,,,,,,,,,,,
4,,,,,,,,,,,,,,,,,,,,,,,,
5,,,,,,,,,,,,,,,,,,,,,,,,
6,,,,,,,,,,,,,,,,,,,,,,,,
7,,,,,,,,,,,,,,,,,,,,,,,,
8,,,,,,,,,,,,,,,,,,,,,,,,
9,,,,,,,,,,,,,,,,,,,,,,,,
10,,,,,,,,,,,,,,,,,,,,,,,,
11,,,,,,,,,,,,,,,,,,,,,,,,
12,,,,,,,,,,,,,,,,,,,,,,,,
13,,,,,,,,,,,,,,,,,,,,,,,,
14,,,,,,,,,,,,,,,,,,,,,,,,
15,,,,,,,,,,,,,,,,,,,,,,,,
16,,,,,,,,,,,,,,,,,,,,,,,,
17,,,,,,,,,,,,,,,,,,,,,,,,
18,,,,,,,,,,,,,,,,,,,,,,,,
19,,,,,,,,,,,,,,,,,,,,,,,,
20,,,,,,,,,,,,,,,,,,,,,,,,
21,,,,,,,,,,,,,,,89.0,82.0,72.0,78.0,95.0,112.0,163.0,194.0,125.0,107.0
22,99.0,80.0,76.0,71.0,71.0,71.0,72.0,83.0,102.0,135.0,112.0,102.0,87.0,82.0,74.0,70.0,68.0,74.0,104.0,112.0,113.0,102.0,92.0,86.0
23,81.0,77.0,74.0,66.0,72.0,70.0,72.0,81.0,88.0,96.0,100.0,97.0,76.0,80.0,64.0,66.0,75.0,91.0,75.0,95.0,93.0,89.0,82.0,80.0
24,82.0,78.0,74.0,85.0,81.0,87.0,93.0,97.0,133.0,149.0,106.0,100.0,88.0,82.0,72.0,67.0,73.0,89.0,105.0,116.0,110.0,111.0,100.0,101.0
25,97.0,98.0,110.0,94.0,91.0,95.0,109.0,158.0,198.0,206.0,184.0,147.0,105.0,85.0,80.0,74.0,63.0,64.0,79.0,109.0,133.0,140.0,138.0,138.0
26,148.0,146.0,155.0,150.0,109.0,88.0,87.0,91.0,120.0,127.0,105.0,95.0,96.0,77.0,62.0,63.0,55.0,55.0,70.0,102.0,120.0,121.0,115.0,95.0
27,88.0,97.0,89.0,93.0,89.0,93.0,101.0,129.0,152.0,159.0,125.0,116.0,103.0,104.0,82.0,89.0,82.0,73.0,78.0,103.0,132.0,114.0,112.0,118.0
28,95.0,72.0,66.0,62.0,60.0,67.0,97.0,116.0,133.0,185.0,242.0,207.0,158.0,132.0,130.0,123.0,108.0,145.0,218.0,229.0,191.0,197.0,177.0,165.0
29,125.0,114.0,122.0,114.0,128.0,133.0,132.0,134.0,154.0,146.0,148.0,164.0,172.0,164.0,171.0,151.0,138.0,125.0,139.0,177.0,211.0,195.0,112.0,118.0
30,112.0,114.0,104.0,124.0,118.0,127.0,142.0,128.0,125.0,133.0,146.0,147.0,126.0,117.0,95.0,81.0,74.0,74.0,74.0,86.0,110.0,119.0,104.0,111.0
31,102.0,111.0,113.0,108.0,96.0,100.0,102.0,129.0,160.0,180.0,187.0,117.0,83.0,73.0,75.0,67.0,74.0,76.0,68.0,103.0,129.0,147.0,110.0,102.0
"
"
Year,2019
January-2019,00:00:00,01:00:00,02:00:00,03:00:00,04:00:00,05:00:00,06:00:00,07:00:00,08:00:00,09:00:00,10:00:00,11:00:00,12:00:00,13:00:00,14:00:00,15:00:00,16:00:00,17:00:00,18:00:00,19:00:00,20:00:00,21:00:00,22:00:00,23:00:00
1,143,106,220,180,160,157,160,177,213,220,230,180,95,67,64,61,60,65.0,93,104,114,160,157,97
2,88,80,78,80,78,85,88,95,127,157,170,120,93,76,65,64,61,,79,107,113,117,119,119
3,107,85,76,88,85,97,106,131,207,282,272,168,102,73,56,54,55,72.0,88,117,139,138,121,108
4,100,100,102,86,86,98,118,141,219,248,162,98,80,82,72,58,59,69.0,85,98,113,118,122,104
5,98,99,93,87,80,72,78,95,132,145,167,145,107,96,77,72,69,70.0,86,107,132,168,118,107
6,103,99,117,89,94,129,175,145,165,179,176,168,145,112,84,75,68,65.0,81,120,128,129,110,122
7,110,112,95,100,101,115,128,147,148,182,174,157,106,106,102,78,66,77.0,101,119,178,187,129,126
8,114,101,104,120,115,98,96,125,168,147,104,100,90,83,82,70,64,69.0,74,119,138,158,120,130
9,117,108,99,98,110,142,160,185,178,202,190,146,102,78,74,68,64,73.0,113,146,165,166,133,121
10,112,110,120,127,148,155,157,161,233,308,312,256,141,120,102,95,84,82.0,95,122,138,150,150,142
11,148,134,114,109,108,95,105,110,188,239,218,184,150,112,104,78,68,68.0,98,139,161,160,140,133
12,153,167,157,173,177,190,213,187,233,247,301,233,160,167,102,84,81,83.0,104,119,158,161,182,141
13,122,108,89,89,77,83,79,92,138,220,235,203,211,105,80,96,146,112.0,83,120,142,125,124,124
14,107,108,100,110,106,102,151,277,337,346,311,229,187,109,87,73,68,81.0,117,128,153,198,253,193
15,117,110,85,75,82,90,90,210,200,227,113,95,69,62,73,66,47,57.0,91,112,106,110,97,98
16,90,98,107,130,143,127,150,167,180,267,227,134,104,92,82,80,76,79.0,109,131,151,193,182,145
17,129,124,118,122,135,145,136,165,206,226,220,171,136,104,94,81,89,77.0,79,115,138,157,150,186
18,172,182,220,217,214,202,203,246,266,301,288,234,184,117,85,76,74,78.0,86,103,117,118,163,154
19,153,145,152,162,164,170,203,199,261,288,207,101,83,59,56,60,67,71.0,86,115,141,144,128,126
20,104,88,81,77,69,58,66,80,92,108,106,103,80,66,68,58,61,66.0,87,106,110,113,110,104
21,116,108,106,136,117,130,143,168,228,267,209,156,131,101,86,71,65,62.0,85,109,115,125,129,164
22,179,158,160,150,161,198,211,217,256,256,265,272,269,235,225,192,221,115.0,128,122,165,258,310,128
23,104,96,84,84,90,88,92,103,126,139,157,143,103,100,125,122,194,168.0,155,175,267,313,178,117
24,102,92,93,103,94,85,87,99,147,164,173,125,112,116,105,101,95,96.0,105,133,155,136,138,101
25,75,68,64,61,53,43,43,51,84,114,96,108,115,100,88,127,103,88.0,96,115,128,126,116,105
26,95,96,97,100,92,98,101,127,137,143,159,147,97,94,110,96,120,117.0,83,96,124,162,166,124
27,104,78,62,54,50,43,45,60,70,94,96,112,120,98,100,122,110,101.0,79,93,106,145,129,94
28,64,51,48,44,46,50,52,57,70,89,94,105,106,106,108,130,141,144.0,91,79,60,67,62,53
29,47,53,52,54,52,48,47,47,48,69,88,78,80,72,72,73,57,64.0,81,102,104,113,102,83
30,72,88,91,94,92,95,101,126,140,163,168,146,114,88,87,118,149,104.0,90,103,130,168,170,123
31,101,89,88,85,96,114,126,124,134,148,113,105,98,91,92,88,76,67.0,80,101,112,124,142,123
"
"
February-2019,00:00:00,01:00:00,02:00:00,03:00:00,04:00:00,05:00:00,06:00:00,07:00:00,08:00:00,09:00:00,10:00:00,11:00:00,12:00:00,13:00:00,14:00:00,15:00:00,16:00:00,17:00:00,18:00:00,19:00:00,20:00:00,21:00:00,22:00:00,23:00:00
1,113.0,99.0,98.0,98.0,78.0,72.0,72.0,90.0,125.0,170.0,199.0,177.0,108.0,103.0,112.0,119.0,115.0,93.0,87.0,119.0,137.0,147.0,137.0,142.0
2,129.0,110.0,94.0,83.0,89.0,91.0,80.0,85.0,97.0,130.0,147.0,119.0,96.0,76.0,84.0,90.0,99.0,99.0,97.0,122.0,120.0,117.0,126.0,128.0
3,106.0,86.0,74.0,70.0,73.0,72.0,75.0,80.0,112.0,148.0,107.0,93.0,81.0,74.0,86.0,96.0,94.0,86.0,70.0,89.0,106.0,115.0,104.0,91.0
4,86.0,64.0,54.0,48.0,46.0,54.0,56.0,68.0,98.0,124.0,101.0,88.0,74.0,60.0,60.0,73.0,79.0,68.0,85.0,80.0,91.0,88.0,93.0,98.0
5,88.0,80.0,75.0,74.0,73.0,65.0,73.0,75.0,80.0,94.0,103.0,96.0,92.0,80.0,75.0,85.0,76.0,73.0,84.0,91.0,98.0,103.0,105.0,110.0
6,129.0,103.0,98.0,98.0,133.0,119.0,98.0,94.0,138.0,213.0,165.0,118.0,109.0,101.0,92.0,85.0,76.0,81.0,103.0,110.0,130.0,140.0,147.0,114.0
7,103.0,100.0,96.0,91.0,86.0,82.0,82.0,94.0,109.0,128.0,124.0,117.0,147.0,227.0,187.0,200.0,170.0,168.0,129.0,121.0,129.0,128.0,126.0,121.0
8,95.0,84.0,83.0,85.0,88.0,86.0,99.0,108.0,149.0,189.0,155.0,112.0,102.0,110.0,98.0,122.0,89.0,112.0,110.0,111.0,158.0,168.0,116.0,110.0
9,108.0,106.0,133.0,148.0,168.0,190.0,202.0,247.0,282.0,284.0,208.0,138.0,177.0,148.0,179.0,172.0,159.0,163.0,143.0,115.0,107.0,102.0,147.0,185.0
10,193.0,138.0,127.0,137.0,131.0,120.0,142.0,141.0,128.0,144.0,146.0,122.0,145.0,119.0,90.0,79.0,80.0,77.0,73.0,70.0,118.0,102.0,102.0,91.0
11,78.0,65.0,82.0,82.0,82.0,82.0,106.0,118.0,105.0,102.0,90.0,86.0,84.0,79.0,74.0,71.0,77.0,84.0,95.0,102.0,99.0,102.0,100.0,98.0
12,88.0,78.0,82.0,75.0,70.0,75.0,78.0,92.0,123.0,142.0,135.0,112.0,103.0,94.0,91.0,91.0,84.0,99.0,107.0,104.0,114.0,132.0,126.0,114.0
13,,,,,,,,,,,,,,99.0,79.0,85.0,82.0,91.0,101.0,109.0,116.0,115.0,109.0,109.0
14,101.0,94.0,86.0,87.0,,,,,,,,,,,,,,,,,,,,
15,,,,,,,,,,,,,91.0,106.0,159.0,245.0,242.0,,,,,,,
16,,,,,,,,,,,,,,,72.0,99.0,123.0,136.0,130.0,,,,,
17,,,,,,,,,,,,,,,,,,,,,,,,
18,,,,,,,,,,,,120.0,98.0,85.0,83.0,116.0,112.0,115.0,110.0,105.0,119.0,133.0,116.0,173.0
19,147.0,116.0,88.0,98.0,90.0,73.0,92.0,85.0,90.0,107.0,108.0,98.0,84.0,92.0,80.0,81.0,71.0,69.0,95.0,110.0,118.0,117.0,114.0,105.0
20,97.0,81.0,60.0,48.0,52.0,44.0,49.0,74.0,91.0,102.0,102.0,100.0,92.0,81.0,75.0,82.0,83.0,98.0,102.0,108.0,112.0,113.0,110.0,107.0
21,94.0,74.0,70.0,59.0,56.0,64.0,70.0,86.0,105.0,190.0,240.0,121.0,90.0,73.0,87.0,86.0,103.0,98.0,99.0,102.0,114.0,113.0,109.0,103.0
22,110.0,130.0,113.0,95.0,70.0,51.0,65.0,78.0,111.0,117.0,183.0,112.0,89.0,81.0,92.0,74.0,111.0,109.0,101.0,104.0,111.0,109.0,110.0,111.0
23,121.0,115.0,103.0,100.0,97.0,92.0,85.0,100.0,123.0,180.0,103.0,117.0,80.0,69.0,63.0,64.0,63.0,71.0,79.0,103.0,112.0,112.0,121.0,137.0
24,104.0,101.0,93.0,97.0,88.0,80.0,81.0,86.0,110.0,250.0,213.0,108.0,85.0,61.0,66.0,66.0,61.0,68.0,75.0,111.0,160.0,112.0,103.0,97.0
25,82.0,60.0,60.0,58.0,60.0,58.0,68.0,62.0,103.0,133.0,123.0,103.0,80.0,52.0,47.0,61.0,57.0,79.0,81.0,121.0,131.0,125.0,125.0,113.0
26,117.0,110.0,120.0,91.0,71.0,55.0,,,,,,110.0,102.0,116.0,80.0,93.0,150.0,119.0,153.0,113.0,101.0,116.0,159.0,128.0
27,87.0,66.0,65.0,74.0,69.0,66.0,72.0,76.0,85.0,95.0,99.0,113.0,105.0,99.0,98.0,96.0,127.0,90.0,144.0,114.0,129.0,122.0,122.0,136.0
28,146.0,112.0,106.0,93.0,78.0,69.0,68.0,71.0,85.0,95.0,104.0,106.0,104.0,102.0,97.0,98.0,97.0,102.0,89.0,102.0,112.0,114.0,114.0,125.0
"
"
March-2019,00:00:00,01:00:00,02:00:00,03:00:00,04:00:00,05:00:00,06:00:00,07:00:00,08:00:00,09:00:00,10:00:00,11:00:00,12:00:00,13:00:00,14:00:00,15:00:00,16:00:00,17:00:00,18:00:00,19:00:00,20:00:00,21:00:00,22:00:00,23:00:00
1,141,157.0,172.0,155.0,128.0,102.0,100.0,104.0,106.0,115,121,115,117,117,108.0,165,220,145,168,120,126,142,120.0,110
2,103,88.0,66.0,60.0,57.0,58.0,58.0,68.0,86.0,100,101,112,116,103,98.0,90,87,86,92,106,106,104,105.0,91
3,82,59.0,53.0,53.0,47.0,43.0,48.0,54.0,68.0,89,104,107,139,158,200.0,245,237,147,86,92,122,140,143.0,108
4,84,72.0,63.0,54.0,52.0,52.0,53.0,57.0,72.0,95,108,101,158,182,248.0,250,294,297,240,130,126,124,103.0,104
5,94,87.0,78.0,79.0,82.0,76.0,71.0,68.0,88.0,109,108,104,98,94,98.0,144,152,107,122,117,125,122,125.0,176
6,178,146.0,105.0,88.0,81.0,63.0,65.0,73.0,102.0,118,107,94,80,99,116.0,104,105,118,111,101,123,108,105.0,100
7,96,117.0,113.0,109.0,102.0,106.0,104.0,125.0,187.0,205,167,144,209,151,130.0,91,89,84,98,80,126,158,157.0,157
8,99,111.0,114.0,110.0,104.0,105.0,110.0,118.0,126.0,126,136,139,176,303,314.0,303,301,246,200,112,99,105,115.0,134
9,131,,122.0,103.0,94.0,90.0,88.0,90.0,104.0,120,128,141,122,165,189.0,172,218,202,191,98,111,117,103.0,96
10,83,89.0,82.0,73.0,71.0,69.0,75.0,84.0,86.0,86,85,85,81,100,99.0,103,96,78,83,109,115,116,115.0,102
11,83,71.0,72.0,63.0,60.0,57.0,54.0,67.0,83.0,86,78,93,90,101,88.0,89,86,79,92,108,113,118,106.0,106
12,105,107.0,102.0,98.0,89.0,88.0,92.0,93.0,105.0,112,103,100,103,100,98.0,96,87,96,104,132,113,103,100.0,102
13,107,104.0,97.0,94.0,88.0,95.0,104.0,113.0,115.0,135,138,119,107,102,102.0,92,90,82,85,97,111,120,116.0,111
14,96,82.0,71.0,72.0,70.0,66.0,74.0,111.0,156.0,113,100,105,107,106,102.0,95,86,96,98,111,109,153,109.0,92
15,92,80.0,71.0,68.0,71.0,70.0,71.0,77.0,107.0,125,117,113,103,101,85.0,71,78,94,102,121,130,131,123.0,120
16,105,101.0,98.0,108.0,100.0,180.0,112.0,108.0,121.0,139,115,111,103,97,88.0,86,93,92,86,110,122,118,,108
17,101,101.0,87.0,80.0,76.0,89.0,140.0,95.0,117.0,117,113,141,187,170,164.0,154,109,91,78,118,134,110,105.0,100
18,84,81.0,66.0,77.0,65.0,65.0,68.0,,88.0,95,100,102,94,99,123.0,131,178,187,180,160,133,136,120.0,117
19,98,93.0,,,,43.0,48.0,63.0,68.0,98,90,94,77,81,129.0,129,170,151,108,126,129,125,117.0,99
20,86,76.0,69.0,71.0,66.0,63.0,68.0,61.0,71.0,120,92,102,123,127,,138,129,120,94,112,125,111,125.0,100
21,75,71.0,78.0,75.0,72.0,73.0,57.0,72.0,80.0,93,91,111,136,221,303.0,303,246,254,159,99,147,138,119.0,105
22,85,76.0,66.0,59.0,52.0,51.0,70.0,69.0,70.0,92,82,95,82,99,143.0,172,127,106,101,112,158,183,140.0,127
23,94,70.0,61.0,62.0,68.0,78.0,92.0,96.0,119.0,142,105,102,133,151,166.0,179,162,135,134,106,135,163,145.0,116
24,98,79.0,64.0,72.0,68.0,72.0,71.0,91.0,126.0,104,89,98,145,169,158.0,147,139,94,81,112,119,130,98.0,100
25,95,77.0,76.0,71.0,65.0,66.0,67.0,72.0,100.0,112,103,98,95,91,90.0,88,84,80,96,119,110,209,99.0,104
26,102,84.0,78.0,70.0,63.0,65.0,75.0,85.0,115.0,118,102,104,108,109,102.0,86,90,77,108,119,133,119,117.0,109
27,103,97.0,89.0,75.0,76.0,78.0,82.0,94.0,109.0,97,102,102,160,199,194.0,96,80,84,117,146,159,151,130.0,125
28,120,103.0,96.0,82.0,86.0,97.0,98.0,106.0,107.0,118,120,134,165,139,104.0,116,105,100,103,136,160,142,137.0,129
29,109,103.0,101.0,85.0,,,,,,98,115,129,127,202,273.0,263,199,128,108,148,153,143,137.0,114
30,102,87.0,90.0,82.0,86.0,86.0,88.0,82.0,94.0,118,104,104,145,135,163.0,137,133,87,102,138,162,179,176.0,144
31,122,109.0,101.0,94.0,90.0,86.0,90.0,86.0,92.0,104,111,110,98,132,146.0,157,162,136,93,117,140,158,138.0,111
"
"
April-2019,00:00:00,01:00:00,02:00:00,03:00:00,04:00:00,05:00:00,06:00:00,07:00:00,08:00:00,09:00:00,10:00:00,11:00:00,12:00:00,13:00:00,14:00:00,15:00:00,16:00:00,17:00:00,18:00:00,19:00:00,20:00:00,21:00:00,22:00:00,23:00:00
1,117.0,105.0,94.0,91.0,83.0,82.0,79.0,78.0,77.0,86.0,101.0,110.0,118.0,107.0,148.0,146.0,98.0,91,87,111,155,150,126.0,112.0
2,107.0,96.0,98.0,90.0,84.0,71.0,76.0,86.0,116.0,152.0,108.0,112.0,117.0,101.0,123.0,180.0,172.0,99,103,144,151,169,161.0,114.0
3,98.0,91.0,88.0,82.0,96.0,97.0,105.0,113.0,,123.0,122.0,120.0,137.0,138.0,109.0,99.0,89.0,102,103,117,115,106,107.0,95.0
4,90.0,87.0,78.0,77.0,78.0,78.0,70.0,73.0,104.0,129.0,87.0,87.0,94.0,98.0,99.0,99.0,95.0,82,77,94,111,110,108.0,104.0
5,93.0,76.0,67.0,76.0,78.0,84.0,80.0,79.0,90.0,92.0,81.0,80.0,89.0,100.0,95.0,90.0,93.0,99,102,112,148,128,109.0,104.0
6,102.0,86.0,77.0,85.0,72.0,68.0,72.0,77.0,88.0,98.0,105.0,108.0,146.0,221.0,184.0,172.0,136.0,128,99,120,138,144,131.0,112.0
7,98.0,79.0,82.0,81.0,78.0,71.0,64.0,63.0,84.0,102.0,100.0,132.0,174.0,224.0,232.0,202.0,170.0,132,121,124,135,130,131.0,104.0
8,78.0,76.0,74.0,63.0,52.0,51.0,58.0,66.0,82.0,95.0,80.0,92.0,119.0,128.0,104.0,116.0,124.0,86,102,119,97,103,115.0,114.0
9,74.0,73.0,87.0,84.0,83.0,57.0,52.0,64.0,74.0,76.0,105.0,91.0,102.0,156.0,182.0,137.0,132.0,101,106,116,121,131,106.0,94.0
10,81.0,67.0,70.0,86.0,88.0,100.0,95.0,86.0,98.0,110.0,112.0,106.0,120.0,170.0,124.0,96.0,82.0,82,97,109,128,121,107.0,105.0
11,102.0,96.0,88.0,83.0,72.0,74.0,76.0,85.0,109.0,111.0,105.0,100.0,103.0,113.0,108.0,101.0,92.0,82,113,143,139,138,134.0,120.0
12,92.0,85.0,85.0,84.0,81.0,76.0,67.0,75.0,97.0,96.0,126.0,114.0,253.0,200.0,118.0,116.0,79.0,76,100,127,128,123,118.0,103.0
13,91.0,88.0,95.0,95.0,97.0,,78.0,86.0,92.0,97.0,87.0,84.0,87.0,82.0,97.0,107.0,99.0,81,89,98,109,117,117.0,102.0
14,96.0,84.0,73.0,75.0,73.0,66.0,60.0,67.0,94.0,100.0,98.0,137.0,118.0,110.0,111.0,94.0,95.0,93,80,87,96,96,53.0,57.0
15,75.0,80.0,77.0,59.0,65.0,72.0,52.0,34.0,39.0,49.0,75.0,88.0,106.0,104.0,94.0,157.0,118.0,98,83,123,152,138,121.0,102.0
16,85.0,71.0,63.0,64.0,66.0,58.0,58.0,67.0,83.0,88.0,77.0,84.0,101.0,98.0,114.0,183.0,194.0,192,304,226,112,170,199.0,133.0
17,110.0,90.0,77.0,69.0,67.0,66.0,69.0,72.0,81.0,93.0,90.0,96.0,106.0,117.0,133.0,123.0,114.0,75,72,106,70,62,102.0,94.0
18,98.0,78.0,55.0,45.0,34.0,43.0,42.0,47.0,72.0,97.0,69.0,67.0,82.0,114.0,132.0,139.0,144.0,140,94,104,101,54,64.0,50.0
19,45.0,50.0,47.0,42.0,37.0,27.0,42.0,45.0,52.0,59.0,66.0,62.0,70.0,90.0,115.0,147.0,178.0,155,89,98,123,126,95.0,76.0
20,82.0,50.0,50.0,54.0,38.0,36.0,42.0,46.0,47.0,73.0,69.0,69.0,63.0,96.0,182.0,220.0,143.0,82,82,100,106,74,58.0,62.0
21,53.0,45.0,44.0,67.0,72.0,57.0,47.0,42.0,41.0,46.0,50.0,51.0,90.0,91.0,83.0,97.0,140.0,160,165,87,173,171,142.0,115.0
22,68.0,64.0,62.0,64.0,65.0,66.0,68.0,65.0,84.0,99.0,85.0,59.0,69.0,102.0,67.0,93.0,74.0,85,87,103,90,84,83.0,85.0
23,67.0,70.0,85.0,72.0,72.0,58.0,46.0,81.0,144.0,66.0,98.0,104.0,97.0,72.0,78.0,114.0,104.0,84,74,108,118,110,104.0,81.0
24,68.0,60.0,57.0,66.0,72.0,57.0,60.0,61.0,72.0,93.0,87.0,106.0,106.0,84.0,73.0,69.0,65.0,70,74,107,122,115,112.0,103.0
25,101.0,89.0,80.0,79.0,76.0,81.0,88.0,103.0,118.0,137.0,162.0,136.0,121.0,107.0,97.0,90.0,85.0,92,86,120,143,128,124.0,120.0
26,115.0,98.0,93.0,83.0,83.0,88.0,86.0,88.0,102.0,104.0,102.0,101.0,107.0,139.0,113.0,110.0,101.0,101,108,117,150,154,,
27,118.0,118.0,122.0,141.0,107.0,83.0,74.0,93.0,,183.0,121.0,129.0,110.0,110.0,109.0,104.0,107.0,107,118,128,133,126,126.0,
28,,,,,,,,,,,,,,,,,,100,105,118,126,126,132.0,138.0
29,121.0,115.0,107.0,90.0,80.0,81.0,80.0,89.0,98.0,111.0,115.0,120.0,115.0,106.0,129.0,141.0,154.0,153,124,101,104,131,117.0,147.0
30,99.0,73.0,66.0,53.0,59.0,57.0,49.0,62.0,82.0,101.0,109.0,91.0,86.0,102.0,108.0,113.0,120.0,97,89,115,85,79,56.0,62.0
"
"
May-2019,00:00:00,01:00:00,02:00:00,03:00:00,04:00:00,05:00:00,06:00:00,07:00:00,08:00:00,09:00:00,10:00:00,11:00:00,12:00:00,13:00:00,14:00:00,15:00:00,16:00:00,17:00:00,18:00:00,19:00:00,20:00:00,21:00:00,22:00:00,23:00:00
1,53.0,63.0,71.0,74.0,81.0,79.0,70.0,50.0,50.0,53.0,54.0,60.0,65.0,61.0,69.0,74.0,71.0,77.0,78.0,91.0,91.0,97.0,107.0,97.0
2,90.0,81.0,86.0,67.0,67.0,61.0,68.0,67.0,79.0,83.0,98.0,98.0,96.0,96.0,91.0,105.0,109.0,106.0,99.0,105.0,127.0,103.0,103.0,101.0
3,92.0,95.0,95.0,98.0,83.0,,,,83.0,101.0,97.0,93.0,83.0,91.0,115.0,120.0,123.0,113.0,113.0,98.0,92.0,82.0,93.0,89.0
4,96.0,103.0,103.0,98.0,104.0,99.0,101.0,94.0,94.0,105.0,100.0,107.0,116.0,104.0,111.0,128.0,143.0,142.0,137.0,117.0,94.0,103.0,106.0,135.0
5,87.0,86.0,84.0,83.0,87.0,91.0,97.0,96.0,102.0,105.0,105.0,107.0,102.0,109.0,120.0,142.0,160.0,155.0,138.0,87.0,107.0,104.0,111.0,107.0
6,99.0,66.0,78.0,84.0,71.0,69.0,58.0,67.0,97.0,117.0,106.0,103.0,91.0,104.0,90.0,100.0,106.0,127.0,115.0,95.0,91.0,101.0,99.0,79.0
7,62.0,59.0,85.0,86.0,96.0,67.0,83.0,71.0,71.0,99.0,80.0,83.0,57.0,75.0,81.0,78.0,59.0,101.0,53.0,97.0,67.0,46.0,,
8,35.0,29.0,24.0,28.0,,,,,,,,,,,,,,,,,,,,
9,,,,,,,,,,,,,,62.0,64.0,79.0,87.0,85.0,85.0,99.0,105.0,124.0,126.0,117.0
10,106.0,50.0,43.0,41.0,40.0,46.0,54.0,62.0,74.0,86.0,83.0,82.0,62.0,54.0,79.0,71.0,97.0,91.0,111.0,93.0,83.0,90.0,107.0,120.0
11,100.0,80.0,66.0,57.0,53.0,46.0,52.0,53.0,67.0,81.0,87.0,94.0,78.0,77.0,88.0,87.0,86.0,76.0,101.0,89.0,101.0,107.0,98.0,47.0
12,48.0,47.0,47.0,44.0,48.0,54.0,50.0,50.0,56.0,58.0,65.0,91.0,78.0,87.0,140.0,148.0,117.0,104.0,79.0,85.0,107.0,99.0,107.0,124.0
13,147.0,77.0,62.0,50.0,49.0,50.0,46.0,37.0,48.0,67.0,67.0,62.0,75.0,91.0,94.0,100.0,67.0,73.0,63.0,72.0,82.0,64.0,66.0,56.0
14,55.0,61.0,63.0,72.0,74.0,59.0,46.0,61.0,68.0,87.0,75.0,68.0,64.0,70.0,75.0,80.0,85.0,85.0,88.0,73.0,84.0,81.0,80.0,84.0
15,71.0,75.0,58.0,57.0,56.0,56.0,62.0,62.0,72.0,72.0,65.0,78.0,70.0,79.0,85.0,72.0,66.0,64.0,71.0,100.0,82.0,72.0,63.0,58.0
16,58.0,56.0,54.0,57.0,57.0,45.0,40.0,51.0,71.0,76.0,71.0,73.0,90.0,93.0,111.0,121.0,85.0,90.0,60.0,101.0,111.0,102.0,123.0,166.0
17,162.0,108.0,53.0,49.0,50.0,50.0,47.0,45.0,57.0,76.0,83.0,89.0,96.0,93.0,78.0,75.0,50.0,60.0,98.0,110.0,111.0,59.0,101.0,119.0
18,172.0,115.0,76.0,58.0,55.0,51.0,51.0,64.0,80.0,89.0,84.0,85.0,73.0,77.0,105.0,80.0,80.0,82.0,77.0,115.0,172.0,200.0,,
19,,,,,,,,,,,,,,,,,,,,,,,,
20,,,,,,,,,,,200.0,104.0,113.0,112.0,102.0,75.0,77.0,76.0,87.0,103.0,100.0,120.0,143.0,203.0
21,120.0,107.0,99.0,95.0,78.0,72.0,78.0,76.0,77.0,87.0,93.0,76.0,83.0,74.0,95.0,77.0,81.0,86.0,95.0,105.0,100.0,101.0,78.0,89.0
22,75.0,90.0,58.0,90.0,63.0,59.0,66.0,71.0,69.0,78.0,91.0,80.0,93.0,98.0,123.0,145.0,116.0,109.0,106.0,55.0,78.0,76.0,77.0,62.0
23,94.0,114.0,143.0,117.0,92.0,80.0,68.0,62.0,69.0,83.0,60.0,89.0,86.0,67.0,72.0,74.0,82.0,64.0,61.0,72.0,97.0,88.0,94.0,62.0
24,60.0,50.0,51.0,45.0,48.0,52.0,53.0,46.0,55.0,81.0,85.0,77.0,82.0,66.0,81.0,83.0,88.0,72.0,75.0,104.0,46.0,65.0,68.0,67.0
25,60.0,53.0,43.0,38.0,41.0,44.0,37.0,33.0,42.0,49.0,39.0,31.0,52.0,43.0,45.0,52.0,61.0,65.0,77.0,67.0,65.0,102.0,104.0,48.0
26,50.0,48.0,43.0,32.0,39.0,39.0,31.0,31.0,32.0,40.0,45.0,51.0,55.0,80.0,73.0,50.0,39.0,33.0,40.0,48.0,58.0,54.0,35.0,22.0
27,21.0,26.0,17.0,17.0,19.0,40.0,21.0,26.0,27.0,30.0,52.0,32.0,28.0,29.0,30.0,,41.0,105.0,102.0,90.0,104.0,112.0,114.0,114.0
28,106.0,72.0,62.0,59.0,71.0,76.0,72.0,65.0,72.0,70.0,84.0,72.0,62.0,81.0,76.0,79.0,80.0,66.0,87.0,84.0,96.0,102.0,125.0,
29,,,,,,,,,,,,,,27.0,57.0,81.0,93.0,99.0,107.0,101.0,75.0,78.0,97.0,74.0
30,66.0,69.0,95.0,88.0,71.0,60.0,57.0,61.0,71.0,73.0,71.0,75.0,79.0,79.0,76.0,72.0,78.0,96.0,93.0,88.0,98.0,96.0,98.0,
31,77.0,,,,,,,,,,,83.0,80.0,,98.0,93.0,71.0,89.0,72.0,89.0,,72.0,,
"
"
June-2019,00:00:00,01:00:00,02:00:00,03:00:00,04:00:00,05:00:00,06:00:00,07:00:00,08:00:00,09:00:00,10:00:00,11:00:00,12:00:00,13:00:00,14:00:00,15:00:00,16:00:00,17:00:00,18:00:00,19:00:00,20:00:00,21:00:00,22:00:00,23:00:00
1,51.0,,,,,,,,40.0,39.0,42.0,40.0,47.0,53.0,63.0,59.0,58.0,58.0,62.0,58.0,66.0,102.0,107.0,111.0
2,118.0,107.0,78.0,50.0,40.0,,,,62.0,73.0,58.0,56.0,56.0,60.0,68.0,64.0,61.0,63.0,66.0,57.0,46.0,45.0,33.0,37.0
3,32.0,36.0,28.0,42.0,27.0,33.0,40.0,39.0,34.0,46.0,52.0,38.0,33.0,31.0,50.0,65.0,58.0,59.0,54.0,48.0,61.0,58.0,50.0,48.0
4,48.0,56.0,50.0,45.0,32.0,27.0,32.0,42.0,54.0,60.0,68.0,66.0,57.0,54.0,57.0,51.0,61.0,64.0,60.0,56.0,54.0,53.0,54.0,51.0
5,58.0,63.0,68.0,54.0,40.0,37.0,43.0,48.0,58.0,64.0,62.0,63.0,48.0,43.0,47.0,58.0,52.0,59.0,70.0,77.0,45.0,28.0,25.0,35.0
6,33.0,40.0,41.0,,,,,,,,,,,,,,,,,44.0,100.0,,,
7,,,,,,,,,52.0,53.0,64.0,,,,,24.0,52.0,,,,,,,
8,,,,,,,,,,,,47.0,66.0,26.0,37.0,48.0,53.0,58.0,64.0,66.0,84.0,86.0,61.0,64.0
9,72.0,78.0,78.0,74.0,40.0,26.0,24.0,25.0,26.0,35.0,57.0,52.0,60.0,39.0,20.0,24.0,28.0,26.0,28.0,41.0,41.0,23.0,11.0,15.0
10,13.0,19.0,19.0,24.0,18.0,16.0,10.0,14.0,18.0,24.0,28.0,26.0,25.0,34.0,22.0,17.0,24.0,30.0,32.0,38.0,38.0,26.0,23.0,19.0
11,25.0,28.0,18.0,21.0,20.0,12.0,31.0,12.0,13.0,24.0,38.0,16.0,22.0,17.0,18.0,22.0,25.0,30.0,43.0,21.0,33.0,17.0,19.0,20.0
12,25.0,32.0,30.0,32.0,19.0,20.0,17.0,25.0,39.0,30.0,23.0,66.0,45.0,18.0,23.0,32.0,31.0,31.0,39.0,46.0,27.0,18.0,14.0,13.0
13,17.0,18.0,18.0,30.0,19.0,18.0,7.0,8.0,38.0,34.0,39.0,75.0,10.0,28.0,22.0,25.0,22.0,27.0,37.0,59.0,48.0,32.0,16.0,17.0
14,22.0,28.0,46.0,43.0,29.0,9.0,11.0,13.0,27.0,46.0,68.0,77.0,23.0,38.0,30.0,38.0,32.0,40.0,42.0,90.0,57.0,45.0,74.0,34.0
15,36.0,44.0,54.0,52.0,49.0,34.0,22.0,26.0,37.0,46.0,49.0,46.0,35.0,34.0,33.0,36.0,38.0,49.0,48.0,52.0,72.0,67.0,38.0,43.0
16,38.0,41.0,49.0,47.0,38.0,34.0,26.0,28.0,34.0,45.0,58.0,74.0,86.0,46.0,47.0,44.0,46.0,41.0,40.0,41.0,47.0,52.0,31.0,36.0
17,40.0,39.0,51.0,60.0,44.0,40.0,34.0,32.0,44.0,50.0,58.0,64.0,64.0,50.0,40.0,44.0,49.0,50.0,57.0,66.0,75.0,74.0,53.0,39.0
18,32.0,31.0,34.0,42.0,40.0,49.0,26.0,24.0,40.0,50.0,60.0,70.0,85.0,73.0,54.0,54.0,60.0,63.0,74.0,82.0,76.0,66.0,35.0,24.0
19,29.0,33.0,32.0,43.0,47.0,40.0,26.0,20.0,45.0,48.0,55.0,58.0,47.0,51.0,43.0,46.0,44.0,56.0,62.0,70.0,76.0,71.0,66.0,40.0
20,47.0,47.0,44.0,46.0,51.0,61.0,57.0,41.0,38.0,41.0,44.0,52.0,34.0,36.0,30.0,23.0,24.0,23.0,33.0,37.0,41.0,42.0,40.0,28.0
21,20.0,20.0,29.0,27.0,28.0,29.0,26.0,32.0,38.0,54.0,66.0,67.0,67.0,74.0,66.0,54.0,57.0,61.0,70.0,68.0,47.0,34.0,22.0,25.0
22,21.0,26.0,31.0,21.0,28.0,34.0,20.0,17.0,25.0,30.0,38.0,46.0,37.0,36.0,34.0,27.0,48.0,48.0,50.0,52.0,35.0,37.0,32.0,41.0
23,32.0,40.0,46.0,41.0,34.0,29.0,28.0,28.0,33.0,42.0,47.0,57.0,47.0,59.0,53.0,42.0,47.0,57.0,44.0,38.0,40.0,40.0,47.0,23.0
24,31.0,60.0,28.0,43.0,42.0,42.0,42.0,14.0,46.0,65.0,34.0,48.0,46.0,42.0,49.0,33.0,40.0,50.0,46.0,41.0,53.0,55.0,52.0,48.0
25,36.0,34.0,37.0,46.0,54.0,76.0,74.0,68.0,48.0,50.0,74.0,82.0,70.0,70.0,67.0,54.0,57.0,65.0,70.0,75.0,79.0,62.0,46.0,37.0
26,30.0,32.0,32.0,34.0,36.0,34.0,34.0,50.0,64.0,44.0,66.0,83.0,58.0,50.0,51.0,50.0,57.0,61.0,75.0,76.0,52.0,61.0,63.0,62.0
27,56.0,47.0,,,,,,,,,64.0,70.0,63.0,62.0,55.0,,,68.0,52.0,51.0,50.0,53.0,60.0,59.0
28,64.0,48.0,46.0,42.0,43.0,41.0,38.0,45.0,52.0,58.0,66.0,77.0,79.0,72.0,70.0,70.0,71.0,74.0,74.0,76.0,70.0,68.0,62.0,64.0
29,60.0,50.0,45.0,44.0,34.0,40.0,39.0,44.0,60.0,52.0,69.0,78.0,77.0,79.0,80.0,58.0,56.0,57.0,54.0,54.0,58.0,54.0,52.0,52.0
30,48.0,39.0,39.0,41.0,42.0,36.0,37.0,40.0,42.0,51.0,54.0,52.0,60.0,64.0,73.0,78.0,71.0,63.0,56.0,44.0,48.0,49.0,45.0,42.0
"
"
July-2019,00:00:00,01:00:00,02:00:00,03:00:00,04:00:00,05:00:00,06:00:00,07:00:00,08:00:00,09:00:00,10:00:00,11:00:00,12:00:00,13:00:00,14:00:00,15:00:00,16:00:00,17:00:00,18:00:00,19:00:00,20:00:00,21:00:00,22:00:00,23:00:00
1,38.0,32.0,32.0,31.0,31.0,32.0,33.0,35.0,56.0,103.0,60.0,68.0,84.0,77.0,70.0,62.0,53.0,60.0,65.0,66,59.0,50.0,46.0,46.0
2,43.0,41.0,38.0,38.0,37.0,41.0,39.0,43.0,51.0,53.0,52.0,61.0,50.0,49.0,47.0,50.0,47.0,47.0,48.0,64,52.0,52.0,48.0,48.0
3,41.0,35.0,38.0,38.0,41.0,37.0,42.0,44.0,47.0,46.0,52.0,,,,,46.0,47.0,54.0,56.0,55,56.0,60.0,57.0,53.0
4,,51.0,50.0,50.0,49.0,49.0,51.0,53.0,57.0,55.0,58.0,58.0,52.0,52.0,48.0,43.0,54.0,51.0,44.0,46,55.0,63.0,54.0,53.0
5,51.0,35.0,32.0,37.0,38.0,30.0,30.0,36.0,42.0,49.0,56.0,63.0,56.0,61.0,62.0,61.0,61.0,63.0,69.0,72,73.0,75.0,77.0,62.0
6,58.0,67.0,62.0,65.0,64.0,53.0,61.0,63.0,64.0,69.0,70.0,72.0,74.0,,,71.0,72.0,91.0,92.0,97,102.0,101.0,101.0,97.0
7,95.0,84.0,85.0,83.0,84.0,,,,,,,,,,,,,,,75,,,,
8,,,,,,,,,,63.0,98.0,104.0,113.0,89.0,101.0,101.0,102.0,103.0,101.0,98,101.0,102.0,101.0,102.0
9,102.0,70.0,70.0,73.0,75.0,79.0,77.0,83.0,87.0,90.0,87.0,86.0,87.0,87.0,88.0,92.0,90.0,90.0,88.0,98,101.0,97.0,94.0,89.0
10,89.0,67.0,65.0,66.0,67.0,64.0,67.0,75.0,78.0,83.0,82.0,73.0,71.0,66.0,62.0,63.0,63.0,68.0,72.0,70,68.0,67.0,72.0,59.0
11,61.0,72.0,73.0,73.0,76.0,30.0,,76.0,89.0,90.0,79.0,86.0,88.0,68.0,70.0,77.0,57.0,47.0,50.0,52,76.0,66.0,52.0,47.0
12,50.0,64.0,62.0,63.0,65.0,60.0,63.0,66.0,76.0,78.0,70.0,62.0,58.0,59.0,59.0,60.0,61.0,59.0,64.0,66,81.0,101.0,78.0,62.0
13,56.0,71.0,67.0,64.0,66.0,68.0,72.0,80.0,85.0,87.0,79.0,70.0,64.0,60.0,54.0,58.0,71.0,64.0,64.0,75,86.0,76.0,75.0,80.0
14,71.0,67.0,62.0,63.0,61.0,60.0,63.0,66.0,70.0,74.0,72.0,75.0,70.0,62.0,63.0,64.0,63.0,63.0,71.0,94,91.0,90.0,91.0,92.0
15,86.0,73.0,72.0,69.0,60.0,50.0,55.0,59.0,64.0,63.0,61.0,56.0,51.0,50.0,57.0,58.0,59.0,59.0,60.0,92,102.0,101.0,101.0,99.0
16,96.0,72.0,70.0,70.0,72.0,72.0,69.0,72.0,76.0,79.0,78.0,76.0,75.0,71.0,67.0,72.0,75.0,80.0,81.0,86,92.0,96.0,94.0,100.0
17,92.0,64.0,63.0,58.0,55.0,56.0,54.0,58.0,62.0,63.0,61.0,58.0,56.0,54.0,53.0,51.0,47.0,48.0,54.0,68,65.0,74.0,92.0,64.0
18,66.0,70.0,68.0,65.0,66.0,64.0,65.0,73.0,74.0,72.0,76.0,76.0,75.0,75.0,37.0,38.0,42.0,313.0,476.0,52,50.0,49.0,55.0,59.0
19,32.0,28.0,27.0,24.0,24.0,27.0,24.0,21.0,23.0,30.0,33.0,29.0,26.0,33.0,38.0,39.0,49.0,44.0,43.0,43,36.0,39.0,35.0,27.0
20,24.0,25.0,26.0,26.0,28.0,28.0,28.0,26.0,31.0,31.0,30.0,28.0,31.0,31.0,35.0,34.0,32.0,35.0,34.0,34,30.0,32.0,28.0,27.0
21,27.0,28.0,31.0,30.0,29.0,33.0,32.0,31.0,26.0,29.0,29.0,32.0,31.0,37.0,39.0,43.0,36.0,34.0,35.0,32,45.0,36.0,27.0,31.0
22,28.0,29.0,30.0,31.0,29.0,34.0,30.0,28.0,25.0,30.0,35.0,32.0,,,,52.0,51.0,43.0,43.0,36,36.0,31.0,32.0,29.0
23,30.0,32.0,36.0,41.0,37.0,43.0,34.0,30.0,26.0,28.0,32.0,33.0,26.0,30.0,29.0,31.0,38.0,38.0,34.0,38,36.0,42.0,36.0,31.0
24,26.0,21.0,21.0,22.0,18.0,31.0,28.0,29.0,32.0,40.0,39.0,43.0,42.0,36.0,45.0,46.0,50.0,48.0,48.0,40,37.0,42.0,35.0,32.0
25,31.0,32.0,30.0,27.0,27.0,36.0,26.0,24.0,,36.0,,32.0,33.0,37.0,46.0,46.0,41.0,52.0,40.0,55,52.0,57.0,59.0,51.0
26,41.0,31.0,26.0,39.0,41.0,37.0,30.0,32.0,33.0,44.0,39.0,39.0,36.0,33.0,30.0,36.0,35.0,33.0,36.0,34,31.0,28.0,27.0,27.0
27,,,,,,,,,,,,55.0,53.0,53.0,53.0,49.0,46.0,54.0,55.0,59,70.0,38.0,41.0,33.0
28,39.0,31.0,35.0,40.0,35.0,42.0,32.0,31.0,33.0,37.0,40.0,57.0,39.0,50.0,47.0,45.0,47.0,45.0,41.0,38,44.0,47.0,44.0,39.0
29,46.0,48.0,42.0,44.0,43.0,40.0,39.0,32.0,36.0,42.0,46.0,35.0,35.0,35.0,45.0,46.0,45.0,50.0,56.0,50,44.0,33.0,27.0,31.0
30,30.0,29.0,31.0,29.0,30.0,32.0,30.0,23.0,33.0,40.0,45.0,60.0,40.0,41.0,43.0,41.0,34.0,48.0,40.0,41,45.0,47.0,44.0,40.0
31,36.0,34.0,35.0,33.0,33.0,34.0,28.0,31.0,34.0,36.0,44.0,54.0,44.0,38.0,41.0,39.0,35.0,41.0,41.0,46,44.0,39.0,38.0,32.0
"
"
August-2019,00:00:00,01:00:00,02:00:00,03:00:00,04:00:00,05:00:00,06:00:00,07:00:00,08:00:00,09:00:00,10:00:00,11:00:00,12:00:00,13:00:00,14:00:00,15:00:00,16:00:00,17:00:00,18:00:00,19:00:00,20:00:00,21:00:00,22:00:00,23:00:00
1,32.0,31.0,33.0,35.0,31.0,35.0,27.0,24.0,35.0,34.0,39.0,,,38.0,35.0,39.0,36.0,36.0,36.0,50.0,47.0,36.0,33.0,32.0
2,33.0,32.0,27.0,32.0,30.0,34.0,30.0,26.0,36.0,39.0,38.0,59.0,44.0,35.0,38.0,42.0,40.0,42.0,50.0,48.0,48.0,40.0,37.0,34.0
3,28.0,30.0,29.0,34.0,34.0,31.0,31.0,26.0,26.0,34.0,38.0,42.0,52.0,56.0,48.0,37.0,39.0,45.0,40.0,39.0,36.0,33.0,32.0,28.0
4,29.0,30.0,31.0,33.0,30.0,36.0,32.0,27.0,30.0,34.0,39.0,41.0,44.0,60.0,45.0,51.0,44.0,37.0,38.0,38.0,34.0,35.0,35.0,40.0
5,37.0,24.0,25.0,30.0,29.0,34.0,24.0,18.0,22.0,23.0,30.0,28.0,25.0,30.0,29.0,33.0,24.0,27.0,24.0,27.0,25.0,23.0,21.0,22.0
6,24.0,22.0,27.0,24.0,24.0,31.0,27.0,26.0,30.0,38.0,42.0,,,27.0,31.0,28.0,28.0,29.0,31.0,35.0,37.0,35.0,31.0,28.0
7,26.0,25.0,21.0,26.0,21.0,30.0,25.0,22.0,24.0,32.0,39.0,36.0,30.0,27.0,24.0,25.0,26.0,25.0,24.0,29.0,26.0,28.0,34.0,23.0
8,25.0,22.0,23.0,25.0,22.0,30.0,25.0,23.0,20.0,26.0,30.0,24.0,32.0,27.0,34.0,36.0,41.0,40.0,47.0,48.0,,,,
9,,,,,,,,,,,,,,,,24.0,30.0,25.0,26.0,27.0,28.0,25.0,24.0,24.0
10,24.0,28.0,30.0,28.0,34.0,33.0,24.0,23.0,19.0,27.0,31.0,29.0,24.0,28.0,26.0,28.0,28.0,28.0,26.0,30.0,33.0,31.0,27.0,27.0
11,27.0,25.0,26.0,26.0,23.0,29.0,25.0,26.0,22.0,28.0,26.0,28.0,29.0,28.0,32.0,34.0,36.0,31.0,30.0,27.0,24.0,27.0,40.0,21.0
12,19.0,19.0,25.0,23.0,22.0,27.0,26.0,24.0,26.0,33.0,27.0,32.0,38.0,33.0,32.0,31.0,37.0,,,,,69.0,59.0,39.0
13,35.0,22.0,21.0,23.0,22.0,28.0,22.0,23.0,28.0,27.0,32.0,34.0,28.0,30.0,31.0,21.0,37.0,64.0,54.0,83.0,102.0,103.0,100.0,104.0
14,101.0,32.0,28.0,30.0,28.0,38.0,30.0,30.0,35.0,31.0,41.0,40.0,32.0,32.0,30.0,31.0,31.0,30.0,46.0,42.0,55.0,50.0,33.0,34.0
15,32.0,15.0,19.0,19.0,16.0,25.0,20.0,22.0,16.0,19.0,18.0,28.0,46.0,33.0,32.0,38.0,31.0,25.0,27.0,30.0,55.0,45.0,40.0,29.0
16,23.0,15.0,16.0,17.0,14.0,25.0,21.0,18.0,20.0,32.0,31.0,26.0,24.0,20.0,26.0,25.0,25.0,29.0,29.0,32.0,32.0,24.0,23.0,20.0
17,20.0,16.0,15.0,16.0,17.0,22.0,19.0,18.0,24.0,29.0,36.0,44.0,40.0,45.0,38.0,38.0,38.0,36.0,42.0,44.0,51.0,63.0,61.0,62.0
18,47.0,31.0,25.0,18.0,20.0,18.0,16.0,19.0,22.0,25.0,26.0,32.0,40.0,50.0,53.0,55.0,45.0,35.0,40.0,41.0,53.0,56.0,46.0,24.0
19,31.0,31.0,30.0,32.0,35.0,35.0,38.0,41.0,50.0,44.0,39.0,30.0,26.0,25.0,28.0,29.0,60.0,72.0,84.0,103.0,93.0,66.0,,
20,,,,,,,,,,,99.0,92.0,88.0,89.0,91.0,94.0,85.0,87.0,,,48.0,102.0,99.0,104.0
21,105.0,80.0,81.0,77.0,70.0,68.0,65.0,66.0,72.0,78.0,78.0,82.0,85.0,82.0,78.0,84.0,82.0,38.0,24.0,48.0,38.0,29.0,30.0,25.0
22,20.0,22.0,20.0,20.0,22.0,23.0,111.0,107.0,41.0,46.0,47.0,40.0,38.0,39.0,38.0,34.0,37.0,40.0,35.0,40.0,32.0,28.0,20.0,20.0
23,20.0,21.0,20.0,20.0,20.0,20.0,48.0,27.0,31.0,39.0,35.0,28.0,34.0,31.0,26.0,28.0,33.0,28.0,21.0,31.0,33.0,22.0,20.0,20.0
24,20.0,19.0,20.0,20.0,19.0,20.0,20.0,30.0,27.0,30.0,33.0,24.0,25.0,22.0,23.0,22.0,26.0,24.0,25.0,45.0,34.0,22.0,20.0,20.0
25,20.0,21.0,,,,,,,,,,,,,,,,,,,,,,
26,,,,,,,,,,,38.0,38.0,34.0,38.0,120.0,120.0,42.0,34.0,35.0,38.0,81.0,98.0,48.0,35.0
27,31.0,25.0,24.0,43.0,35.0,27.0,26.0,23.0,20.0,24.0,27.0,31.0,116.0,109.0,24.0,23.0,21.0,26.0,28.0,40.0,40.0,38.0,37.0,38.0
28,37.0,37.0,36.0,35.0,35.0,36.0,34.0,34.0,34.0,40.0,44.0,36.0,38.0,40.0,38.0,35.0,36.0,36.0,59.0,34.0,25.0,35.0,38.0,33.0
29,31.0,37.0,34.0,31.0,,,47.0,43.0,46.0,40.0,43.0,42.0,35.0,33.0,36.0,42.0,44.0,51.0,59.0,35.0,35.0,32.0,34.0,36.0
30,34.0,31.0,,,,,,,43.0,44.0,46.0,31.0,31.0,29.0,32.0,36.0,37.0,22.0,27.0,33.0,34.0,36.0,44.0,29.0
31,30.0,30.0,28.0,26.0,33.0,34.0,38.0,38.0,51.0,45.0,60.0,47.0,47.0,53.0,51.0,39.0,33.0,35.0,44.0,55.0,52.0,34.0,38.0,38.0
"
"
September-2019,00:00:00,01:00:00,02:00:00,03:00:00,04:00:00,05:00:00,06:00:00,07:00:00,08:00:00,09:00:00,10:00:00,11:00:00,12:00:00,13:00:00,14:00:00,15:00:00,16:00:00,17:00:00,18:00:00,19:00:00,20:00:00,21:00:00,22:00:00,23:00:00
1,40.0,34.0,34.0,40.0,39.0,41.0,42.0,39.0,57.0,34.0,36.0,36.0,36.0,38.0,41.0,49.0,48.0,51.0,49.0,43.0,40.0,37.0,34.0,40.0
2,35.0,34.0,41.0,35.0,30.0,32.0,34.0,29.0,51.0,33.0,38.0,42.0,41.0,40.0,43.0,46.0,44.0,41.0,45.0,48.0,52.0,36.0,33.0,37.0
3,44.0,34.0,30.0,38.0,44.0,29.0,28.0,27.0,66.0,39.0,27.0,42.0,42.0,32.0,24.0,27.0,32.0,30.0,37.0,35.0,33.0,33.0,31.0,24.0
4,23.0,25.0,26.0,27.0,27.0,31.0,32.0,57.0,124.0,32.0,30.0,30.0,27.0,25.0,28.0,24.0,24.0,31.0,32.0,29.0,29.0,27.0,23.0,29.0
5,23.0,28.0,28.0,33.0,32.0,31.0,33.0,32.0,35.0,36.0,38.0,27.0,30.0,30.0,30.0,28.0,26.0,26.0,25.0,31.0,26.0,30.0,26.0,29.0
6,28.0,27.0,26.0,25.0,22.0,30.0,27.0,32.0,42.0,29.0,27.0,33.0,32.0,29.0,28.0,29.0,30.0,,,,,,,
7,,,,,,,,,,,,,,,,,,,,31.0,58.0,31.0,39.0,44.0
8,69.0,57.0,68.0,105.0,120.0,44.0,100.0,66.0,103.0,56.0,97.0,34.0,45.0,49.0,79.0,48.0,74.0,50.0,82.0,59.0,96.0,41.0,67.0,50.0
9,68.0,46.0,72.0,45.0,71.0,40.0,68.0,49.0,82.0,51.0,73.0,44.0,43.0,30.0,35.0,32.0,27.0,33.0,42.0,38.0,46.0,41.0,33.0,33.0
10,44.0,39.0,57.0,34.0,36.0,28.0,25.0,28.0,35.0,45.0,47.0,41.0,34.0,35.0,38.0,43.0,40.0,37.0,38.0,37.0,40.0,42.0,28.0,28.0
11,28.0,31.0,38.0,24.0,25.0,27.0,28.0,26.0,31.0,41.0,46.0,47.0,38.0,40.0,39.0,41.0,39.0,36.0,41.0,48.0,56.0,42.0,30.0,
12,30.0,22.0,26.0,34.0,47.0,28.0,27.0,36.0,45.0,55.0,64.0,55.0,44.0,41.0,38.0,32.0,,32.0,27.0,32.0,45.0,28.0,36.0,34.0
13,30.0,24.0,26.0,25.0,24.0,26.0,23.0,23.0,33.0,32.0,36.0,32.0,29.0,29.0,25.0,32.0,32.0,38.0,44.0,56.0,65.0,54.0,53.0,38.0
14,44.0,36.0,25.0,28.0,26.0,22.0,26.0,26.0,48.0,67.0,56.0,34.0,29.0,,,,38.0,37.0,43.0,46.0,42.0,32.0,31.0,36.0
15,36.0,42.0,48.0,25.0,26.0,32.0,42.0,40.0,36.0,68.0,97.0,28.0,36.0,38.0,42.0,43.0,35.0,37.0,38.0,45.0,55.0,60.0,60.0,43.0
16,23.0,21.0,44.0,25.0,25.0,30.0,22.0,30.0,30.0,22.0,52.0,22.0,27.0,32.0,30.0,31.0,28.0,33.0,36.0,39.0,40.0,33.0,20.0,16.0
17,19.0,19.0,24.0,21.0,24.0,26.0,24.0,20.0,54.0,37.0,33.0,28.0,22.0,21.0,,,,,,,,,,
18,,,,,,,,,,,,,,,,,,,,,,,18.0,167.0
19,132.0,52.0,25.0,28.0,37.0,21.0,23.0,24.0,27.0,25.0,27.0,50.0,49.0,40.0,36.0,28.0,36.0,31.0,37.0,41.0,42.0,48.0,50.0,53.0
20,42.0,36.0,29.0,28.0,32.0,30.0,29.0,35.0,71.0,48.0,37.0,34.0,39.0,47.0,43.0,46.0,47.0,48.0,41.0,50.0,67.0,77.0,49.0,32.0
21,26.0,25.0,37.0,49.0,38.0,33.0,22.0,22.0,60.0,39.0,44.0,48.0,75.0,48.0,59.0,60.0,57.0,58.0,54.0,64.0,69.0,76.0,92.0,102.0
22,82.0,,52.0,48.0,34.0,28.0,26.0,23.0,59.0,28.0,37.0,33.0,43.0,44.0,65.0,74.0,67.0,52.0,44.0,38.0,29.0,40.0,50.0,59.0
23,69.0,55.0,50.0,44.0,34.0,38.0,38.0,32.0,103.0,43.0,51.0,71.0,81.0,59.0,61.0,61.0,60.0,66.0,46.0,65.0,58.0,37.0,38.0,37.0
24,34.0,31.0,50.0,54.0,55.0,48.0,43.0,40.0,115.0,47.0,51.0,53.0,63.0,77.0,91.0,133.0,163.0,,42.0,90.0,113.0,73.0,62.0,62.0
25,33.0,48.0,,,,,,,,,41.0,65.0,80.0,71.0,67.0,101.0,95.0,80.0,69.0,74.0,62.0,30.0,32.0,38.0
26,30.0,33.0,32.0,28.0,34.0,19.0,22.0,31.0,44.0,54.0,37.0,42.0,42.0,45.0,56.0,51.0,51.0,49.0,50.0,65.0,86.0,58.0,62.0,64.0
27,46.0,46.0,43.0,48.0,60.0,51.0,35.0,50.0,88.0,114.0,112.0,108.0,85.0,70.0,83.0,81.0,60.0,54.0,46.0,55.0,125.0,78.0,64.0,74.0
28,78.0,57.0,52.0,58.0,44.0,32.0,33.0,40.0,51.0,58.0,62.0,87.0,106.0,96.0,76.0,71.0,76.0,60.0,61.0,68.0,86.0,79.0,71.0,66.0
29,60.0,85.0,97.0,104.0,106.0,105.0,116.0,137.0,151.0,147.0,94.0,73.0,62.0,60.0,59.0,53.0,58.0,49.0,54.0,60.0,78.0,80.0,82.0,73.0
30,48.0,36.0,36.0,38.0,39.0,37.0,41.0,39.0,48.0,60.0,61.0,54.0,54.0,52.0,50.0,54.0,59.0,54.0,52.0,58.0,53.0,62.0,83.0,91.0
"
"
October-2019,00:00:00,01:00:00,02:00:00,03:00:00,04:00:00,05:00:00,06:00:00,07:00:00,08:00:00,09:00:00,10:00:00,11:00:00,12:00:00,13:00:00,14:00:00,15:00:00,16:00:00,17:00:00,18:00:00,19:00:00,20:00:00,21:00:00,22:00:00,23:00:00
1,90.0,77.0,64.0,52.0,50.0,48.0,45.0,43.0,50.0,63.0,58.0,54,59,80.0,65.0,69.0,70.0,,52.0,44.0,96.0,80.0,48.0,38.0
2,46.0,46.0,51.0,48.0,52.0,50.0,53.0,51.0,53.0,63.0,68.0,64,75,76.0,72.0,64.0,71.0,67.0,68.0,58.0,49.0,43.0,53.0,53.0
3,44.0,36.0,47.0,56.0,63.0,39.0,35.0,33.0,47.0,57.0,63.0,95,128,143.0,129.0,90.0,79.0,83.0,85.0,60.0,69.0,85.0,101.0,77.0
4,57.0,67.0,60.0,62.0,60.0,42.0,56.0,52.0,57.0,55.0,64.0,119,135,110.0,115.0,113.0,104.0,63.0,60.0,69.0,66.0,48.0,86.0,101.0
5,67.0,47.0,44.0,40.0,37.0,34.0,30.0,37.0,52.0,55.0,63.0,87,95,96.0,63.0,52.0,62.0,93.0,120.0,74.0,72.0,70.0,80.0,61.0
6,66.0,67.0,58.0,68.0,70.0,61.0,68.0,51.0,46.0,50.0,57.0,54,46,40.0,38.0,31.0,36.0,43.0,70.0,84.0,95.0,84.0,82.0,102.0
7,106.0,103.0,102.0,88.0,78.0,70.0,56.0,43.0,108.0,46.0,45.0,56,97,62.0,74.0,76.0,75.0,88.0,92.0,74.0,52.0,44.0,47.0,58.0
8,56.0,55.0,46.0,48.0,48.0,49.0,37.0,38.0,43.0,78.0,86.0,83,91,87.0,93.0,101.0,73.0,64.0,72.0,71.0,59.0,60.0,58.0,64.0
9,57.0,53.0,52.0,45.0,45.0,42.0,49.0,48.0,52.0,75.0,75.0,113,119,138.0,162.0,146.0,103.0,85.0,74.0,89.0,104.0,104.0,158.0,205.0
10,55.0,47.0,54.0,47.0,34.0,41.0,55.0,54.0,90.0,111.0,92.0,107,88,106.0,105.0,74.0,58.0,49.0,56.0,75.0,103.0,110.0,101.0,96.0
11,94.0,96.0,93.0,94.0,65.0,58.0,64.0,74.0,85.0,97.0,86.0,69,81,97.0,109.0,94.0,80.0,83.0,102.0,114.0,84.0,96.0,100.0,92.0
12,89.0,83.0,88.0,73.0,61.0,60.0,66.0,62.0,70.0,70.0,67.0,72,74,77.0,69.0,60.0,54.0,55.0,63.0,76.0,101.0,121.0,121.0,101.0
13,86.0,61.0,39.0,28.0,27.0,30.0,36.0,45.0,52.0,53.0,36.0,34,35,41.0,37.0,38.0,35.0,42.0,52.0,64.0,58.0,84.0,98.0,66.0
14,30.0,37.0,33.0,27.0,29.0,37.0,42.0,50.0,67.0,54.0,56.0,50,37,43.0,42.0,40.0,42.0,39.0,43.0,60.0,71.0,74.0,67.0,62.0
15,56.0,48.0,39.0,21.0,18.0,21.0,26.0,32.0,42.0,52.0,57.0,50,45,,,,,,,,,,,
16,,,,,,,,,,,50.0,46,37,40.0,40.0,38.0,39.0,51.0,59.0,68.0,59.0,60.0,62.0,48.0
17,,,,,,,,,,,,80,86,68.0,58.0,62.0,62.0,61.0,68.0,88.0,87.0,73.0,89.0,60.0
18,70.0,34.0,37.0,24.0,24.0,24.0,27.0,36.0,54.0,66.0,82.0,78,47,45.0,52.0,45.0,57.0,57.0,58.0,94.0,101.0,103.0,110.0,85.0
19,45.0,32.0,28.0,24.0,25.0,28.0,30.0,34.0,54.0,45.0,67.0,56,45,47.0,50.0,51.0,53.0,44.0,58.0,59.0,60.0,83.0,73.0,65.0
20,58.0,45.0,33.0,28.0,36.0,32.0,47.0,36.0,49.0,59.0,56.0,54,39,39.0,45.0,51.0,57.0,42.0,53.0,51.0,67.0,74.0,56.0,46.0
21,40.0,33.0,25.0,26.0,24.0,26.0,30.0,46.0,50.0,71.0,68.0,61,56,43.0,44.0,50.0,57.0,68.0,64.0,70.0,55.0,70.0,40.0,55.0
22,55.0,48.0,40.0,36.0,33.0,25.0,22.0,26.0,24.0,30.0,28.0,34,34,51.0,39.0,41.0,27.0,39.0,45.0,40.0,40.0,48.0,36.0,33.0
23,33.0,35.0,27.0,22.0,20.0,15.0,14.0,22.0,27.0,39.0,32.0,31,27,27.0,30.0,33.0,31.0,27.0,32.0,41.0,43.0,64.0,43.0,31.0
24,26.0,35.0,36.0,34.0,34.0,36.0,23.0,26.0,30.0,40.0,42.0,39,34,34.0,36.0,37.0,35.0,34.0,42.0,47.0,54.0,52.0,36.0,33.0
25,29.0,38.0,43.0,40.0,38.0,38.0,25.0,32.0,34.0,40.0,54.0,46,37,34.0,48.0,50.0,48.0,51.0,52.0,49.0,62.0,62.0,84.0,79.0
26,70.0,27.0,20.0,20.0,13.0,13.0,15.0,22.0,29.0,31.0,27.0,34,42,46.0,35.0,56.0,49.0,54.0,52.0,50.0,40.0,47.0,51.0,41.0
27,47.0,35.0,30.0,20.0,17.0,18.0,18.0,20.0,30.0,32.0,33.0,40,49,55.0,58.0,56.0,45.0,35.0,40.0,66.0,222.0,406.0,333.0,56.0
28,67.0,43.0,74.0,58.0,44.0,38.0,48.0,53.0,54.0,68.0,56.0,60,57,57.0,51.0,53.0,63.0,66.0,67.0,86.0,211.0,362.0,385.0,340.0
29,118.0,69.0,42.0,33.0,37.0,38.0,38.0,32.0,32.0,,44.0,52,44,43.0,43.0,42.0,48.0,43.0,45.0,79.0,117.0,307.0,290.0,66.0
30,38.0,30.0,31.0,36.0,34.0,35.0,41.0,47.0,65.0,90.0,89.0,85,86,70.0,74.0,72.0,70.0,74.0,68.0,83.0,95.0,86.0,69.0,53.0
31,42.0,39.0,27.0,22.0,19.0,22.0,20.0,39.0,46.0,64.0,56.0,52,42,44.0,64.0,61.0,62.0,56.0,57.0,86.0,94.0,88.0,72.0,34.0
"
"
November-2019,00:00:00,01:00:00,02:00:00,03:00:00,04:00:00,05:00:00,06:00:00,07:00:00,08:00:00,09:00:00,10:00:00,11:00:00,12:00:00,13:00:00,14:00:00,15:00:00,16:00:00,17:00:00,18:00:00,19:00:00,20:00:00,21:00:00,22:00:00,23:00:00
1,32.0,32.0,34.0,34.0,32.0,27.0,44.0,56.0,77.0,72.0,60.0,63.0,67.0,67.0,67.0,63.0,51.0,54.0,68.0,102.0,96.0,81.0,87.0,94.0
2,84.0,65.0,62.0,60.0,53.0,42.0,38.0,42.0,55.0,61.0,60.0,55.0,43.0,39.0,45.0,61.0,62.0,56.0,72.0,96.0,115.0,140.0,182.0,232.0
3,305.0,102.0,77.0,74.0,69.0,69.0,66.0,76.0,88.0,100.0,85.0,84.0,59.0,49.0,38.0,39.0,39.0,38.0,52.0,77.0,93.0,94.0,100.0,105.0
4,95.0,99.0,102.0,103.0,102.0,102.0,112.0,125.0,153.0,189.0,165.0,119.0,94.0,76.0,66.0,58.0,57.0,66.0,67.0,98.0,144.0,197.0,153.0,210.0
5,200.0,143.0,170.0,187.0,227.0,233.0,213.0,213.0,230.0,310.0,193.0,122.0,98.0,80.0,83.0,85.0,70.0,74.0,91.0,102.0,122.0,132.0,142.0,136.0
6,133.0,117.0,,,,,,,,,,127.0,131.0,98.0,112.0,102.0,95.0,86.0,80.0,113.0,114.0,129.0,141.0,136.0
7,126.0,116.0,100.0,98.0,91.0,89.0,94.0,102.0,139.0,183.0,249.0,272.0,173.0,153.0,134.0,108.0,95.0,91.0,80.0,100.0,119.0,158.0,192.0,183.0
8,177.0,177.0,152.0,172.0,188.0,180.0,87.0,,,,,,,,58.0,82.0,74.0,67.0,61.0,72.0,103.0,106.0,107.0,110.0
9,119.0,128.0,107.0,107.0,108.0,107.0,96.0,95.0,90.0,70.0,68.0,88.0,87.0,89.0,91.0,98.0,69.0,59.0,66.0,84.0,88.0,107.0,117.0,75.0
10,77.0,95.0,131.0,157.0,164.0,166.0,194.0,193.0,184.0,205.0,235.0,143.0,92.0,85.0,88.0,99.0,94.0,71.0,90.0,125.0,128.0,121.0,116.0,110.0
11,128.0,127.0,150.0,182.0,164.0,185.0,216.0,240.0,265.0,295.0,305.0,238.0,161.0,112.0,87.0,98.0,70.0,,,,,121.0,127.0,104.0
12,96.0,85.0,69.0,51.0,53.0,52.0,60.0,71.0,83.0,117.0,115.0,96.0,60.0,56.0,51.0,53.0,54.0,56.0,59.0,89.0,95.0,93.0,95.0,85.0
13,86.0,71.0,53.0,56.0,55.0,44.0,52.0,69.0,88.0,102.0,89.0,73.0,70.0,58.0,58.0,53.0,59.0,62.0,75.0,91.0,127.0,117.0,103.0,87.0
14,78.0,63.0,57.0,58.0,59.0,53.0,46.0,,,77.0,86.0,63.0,78.0,62.0,33.0,42.0,73.0,55.0,53.0,67.0,72.0,84.0,72.0,70.0
15,57.0,35.0,26.0,18.0,26.0,18.0,35.0,46.0,56.0,79.0,71.0,59.0,56.0,62.0,57.0,67.0,65.0,69.0,77.0,100.0,106.0,105.0,95.0,82.0
16,79.0,55.0,65.0,42.0,41.0,32.0,45.0,47.0,50.0,63.0,67.0,58.0,61.0,48.0,48.0,50.0,47.0,55.0,78.0,85.0,100.0,139.0,113.0,92.0
17,84.0,68.0,61.0,63.0,62.0,62.0,63.0,79.0,94.0,90.0,90.0,67.0,59.0,61.0,62.0,64.0,64.0,50.0,43.0,66.0,79.0,78.0,70.0,68.0
18,64.0,57.0,49.0,56.0,52.0,58.0,62.0,75.0,91.0,95.0,97.0,82.0,59.0,65.0,57.0,55.0,58.0,59.0,58.0,83.0,116.0,71.0,71.0,90.0
19,78.0,62.0,40.0,24.0,22.0,20.0,28.0,59.0,89.0,84.0,66.0,54.0,45.0,64.0,48.0,62.0,53.0,48.0,50.0,58.0,104.0,48.0,45.0,57.0
20,39.0,26.0,23.0,26.0,27.0,26.0,46.0,63.0,77.0,92.0,84.0,71.0,64.0,68.0,54.0,60.0,71.0,38.0,66.0,59.0,63.0,56.0,61.0,71.0
21,83.0,88.0,80.0,33.0,34.0,38.0,73.0,98.0,123.0,124.0,122.0,100.0,94.0,88.0,88.0,87.0,89.0,88.0,99.0,117.0,138.0,133.0,134.0,152.0
22,132.0,117.0,101.0,84.0,83.0,84.0,86.0,88.0,92.0,105.0,100.0,82.0,94.0,88.0,74.0,74.0,76.0,,91.0,103.0,109.0,115.0,113.0,105.0
23,92.0,88.0,69.0,63.0,62.0,62.0,63.0,66.0,86.0,90.0,86.0,81.0,61.0,56.0,56.0,55.0,52.0,60.0,74.0,85.0,101.0,116.0,118.0,114.0
24,112.0,107.0,98.0,100.0,105.0,95.0,,,,,,,,,,,95.0,43.0,45.0,70.0,101.0,103.0,114.0,100.0
25,96.0,,76.0,80.0,82.0,73.0,78.0,87.0,100.0,110.0,111.0,104.0,,78.0,68.0,67.0,74.0,90.0,96.0,106.0,116.0,123.0,128.0,115.0
26,102.0,87.0,77.0,76.0,77.0,72.0,76.0,90.0,98.0,109.0,96.0,83.0,78.0,77.0,76.0,74.0,70.0,72.0,80.0,88.0,102.0,96.0,92.0,91.0
27,83.0,88.0,85.0,78.0,60.0,49.0,58.0,79.0,80.0,79.0,85.0,82.0,75.0,75.0,76.0,74.0,70.0,74.0,80.0,106.0,134.0,120.0,97.0,66.0
28,57.0,55.0,47.0,48.0,47.0,48.0,50.0,64.0,85.0,82.0,78.0,66.0,59.0,67.0,61.0,54.0,56.0,67.0,65.0,78.0,93.0,66.0,60.0,60.0
29,53.0,46.0,51.0,47.0,43.0,31.0,33.0,34.0,46.0,87.0,78.0,63.0,62.0,,,,,,,,,,,
30,,,,,,,,,,,,,,,56.0,52.0,53.0,66.0,67.0,69.0,72.0,79.0,76.0,70.0
"
"
December-2019,00:00:00,01:00:00,02:00:00,03:00:00,04:00:00,05:00:00,06:00:00,07:00:00,08:00:00,09:00:00,10:00:00,11:00:00,12:00:00,13:00:00,14:00:00,15:00:00,16:00:00,17:00:00,18:00:00,19:00:00,20:00:00,21:00:00,22:00:00,23:00:00
1,62.0,29.0,27.0,24.0,24.0,23.0,32.0,36.0,44.0,41.0,50.0,51.0,54,47,42,52,49.0,54.0,58.0,59.0,54.0,50.0,49.0,40.0
2,36.0,25.0,23.0,21.0,23.0,23.0,34.0,37.0,43.0,64.0,80.0,68.0,60,68,57,60,,,,,,,,
3,,,,,,,,,,,,,54,58,81,83,68.0,70.0,73.0,86.0,90.0,96.0,95.0,88.0
4,76.0,71.0,70.0,74.0,71.0,72.0,73.0,72.0,86.0,96.0,94.0,88.0,82,86,80,77,81.0,81.0,94.0,99.0,91.0,95.0,95.0,90.0
5,95.0,91.0,82.0,80.0,86.0,94.0,92.0,110.0,144.0,154.0,136.0,103.0,106,109,104,93,88.0,89.0,100.0,111.0,138.0,154.0,152.0,144.0
6,162.0,145.0,129.0,126.0,129.0,138.0,115.0,131.0,155.0,138.0,162.0,158.0,126,108,103,118,108.0,105.0,108.0,113.0,119.0,134.0,152.0,138.0
7,140.0,130.0,107.0,104.0,93.0,96.0,110.0,121.0,142.0,193.0,160.0,108.0,87,72,70,63,70.0,69.0,65.0,81.0,71.0,67.0,58.0,55.0
8,60.0,56.0,57.0,52.0,47.0,47.0,52.0,57.0,74.0,77.0,88.0,84.0,77,73,61,64,69.0,68.0,79.0,86.0,100.0,90.0,62.0,12.0
9,22.0,22.0,24.0,28.0,36.0,22.0,14.0,11.0,6.0,17.0,27.0,39.0,81,41,61,89,51.0,139.0,65.0,95.0,109.0,101.0,92.0,69.0
10,65.0,42.0,41.0,35.0,38.0,46.0,45.0,40.0,53.0,89.0,78.0,70.0,66,56,55,53,59.0,49.0,67.0,78.0,90.0,80.0,77.0,76.0
11,70.0,55.0,43.0,47.0,49.0,48.0,47.0,48.0,73.0,104.0,132.0,123.0,66,58,53,56,48.0,44.0,58.0,91.0,115.0,131.0,115.0,83.0
12,92.0,65.0,55.0,43.0,50.0,50.0,57.0,76.0,100.0,120.0,121.0,131.0,111,99,85,70,64.0,63.0,79.0,107.0,106.0,101.0,90.0,85.0
13,90.0,72.0,58.0,60.0,99.0,65.0,83.0,88.0,102.0,110.0,109.0,115.0,93,87,76,72,64.0,64.0,63.0,86.0,89.0,89.0,86.0,93.0
14,96.0,70.0,58.0,54.0,45.0,44.0,42.0,40.0,46.0,74.0,76.0,77.0,63,70,71,74,59.0,67.0,89.0,78.0,80.0,58.0,48.0,40.0
15,38.0,38.0,50.0,56.0,51.0,45.0,55.0,93.0,90.0,84.0,84.0,75.0,75,59,66,56,53.0,57.0,66.0,70.0,86.0,86.0,82.0,77.0
16,67.0,64.0,56.0,56.0,45.0,37.0,35.0,49.0,52.0,83.0,75.0,80.0,62,60,54,49,53.0,55.0,65.0,72.0,75.0,72.0,35.0,31.0
17,33.0,36.0,35.0,34.0,32.0,37.0,37.0,43.0,48.0,63.0,73.0,70.0,69,67,74,58,56.0,57.0,69.0,95.0,95.0,105.0,100.0,100.0
18,93.0,86.0,69.0,77.0,80.0,92.0,83.0,87.0,103.0,147.0,147.0,117.0,94,83,72,67,69.0,70.0,81.0,101.0,103.0,103.0,104.0,88.0
19,74.0,73.0,65.0,66.0,61.0,67.0,59.0,53.0,69.0,91.0,103.0,83.0,79,82,65,87,92.0,73.0,76.0,92.0,110.0,119.0,116.0,114.0
20,98.0,85.0,74.0,77.0,83.0,77.0,78.0,93.0,97.0,114.0,107.0,101.0,100,99,72,98,81.0,82.0,91.0,105.0,121.0,125.0,124.0,125.0
21,117.0,108.0,106.0,101.0,96.0,82.0,88.0,95.0,113.0,147.0,150.0,141.0,140,105,101,89,86.0,89.0,89.0,124.0,121.0,114.0,105.0,100.0
22,99.0,110.0,97.0,103.0,85.0,95.0,100.0,87.0,100.0,110.0,130.0,105.0,99,85,90,87,82.0,77.0,96.0,102.0,110.0,110.0,113.0,98.0
23,130.0,93.0,80.0,88.0,103.0,80.0,73.0,80.0,88.0,123.0,110.0,107.0,127,108,99,101,106.0,76.0,95.0,119.0,142.0,128.0,103.0,92.0
24,86.0,75.0,71.0,70.0,69.0,66.0,66.0,82.0,108.0,125.0,140.0,122.0,109,104,73,52,40.0,45.0,65.0,86.0,92.0,100.0,109.0,103.0
25,88.0,82.0,68.0,53.0,44.0,45.0,58.0,67.0,72.0,72.0,82.0,81.0,91,90,78,81,76.0,82.0,95.0,95.0,103.0,103.0,102.0,110.0
26,104.0,93.0,88.0,78.0,75.0,70.0,,,102.0,96.0,106.0,99.0,82,90,92,102,111.0,96.0,72.0,99.0,127.0,122.0,110.0,111.0
27,100.0,84.0,69.0,65.0,62.0,65.0,73.0,93.0,108.0,112.0,119.0,121.0,126,119,104,79,69.0,66.0,71.0,90.0,108.0,110.0,101.0,93.0
28,84.0,76.0,75.0,82.0,77.0,71.0,58.0,77.0,103.0,90.0,92.0,87.0,77,77,75,69,72.0,70.0,94.0,100.0,108.0,101.0,94.0,85.0
29,74.0,80.0,74.0,75.0,72.0,75.0,67.0,74.0,81.0,95.0,106.0,103.0,83,72,73,78,77.0,71.0,71.0,94.0,100.0,98.0,90.0,84.0
30,83.0,84.0,89.0,88.0,76.0,73.0,79.0,75.0,79.0,95.0,103.0,100.0,99,93,94,72,72.0,97.0,78.0,100.0,106.0,115.0,117.0,100.0
31,88.0,85.0,82.0,80.0,80.0,77.0,88.0,88.0,104.0,135.0,103.0,108.0,115,88,86,80,76.0,72.0,90.0,110.0,117.0,115.0,104.0,98.0
"
"
Year,2020
January-2020,00:00:00,01:00:00,02:00:00,03:00:00,04:00:00,05:00:00,06:00:00,07:00:00,08:00:00,09:00:00,10:00:00,11:00:00,12:00:00,13:00:00,14:00:00,15:00:00,16:00:00,17:00:00,18:00:00,19:00:00,20:00:00,21:00:00,22:00:00,23:00:00
1,99,92.0,121.0,93.0,81.0,66,61,75,80,100.0,106.0,92,69,51,55,44.0,48.0,48,48,80,128,68,69,66
2,49,29.0,29.0,32.0,30.0,30,30,46,85,120.0,64.0,56,67,67,57,55.0,59.0,53,57,86,106,120,112,99
3,79,70.0,50.0,32.0,43.0,47,47,58,68,76.0,51.0,70,76,84,88,98.0,93.0,69,88,108,86,83,98,110
4,108,98.0,101.0,104.0,107.0,128,126,107,118,116.0,132.0,167,71,84,92,96.0,94.0,80,65,88,120,126,177,233
5,237,108.0,93.0,101.0,118.0,131,142,169,162,147.0,,108,104,100,91,88.0,91.0,89,72,102,132,123,106,85
6,72,65.0,67.0,46.0,38.0,35,30,36,51,75.0,80.0,85,77,66,61,59.0,62.0,69,89,82,89,79,70,64
7,60,50.0,48.0,47.0,43.0,40,34,42,60,79.0,87.0,63,55,57,54,54.0,51.0,57,66,86,108,107,90,77
8,66,57.0,58.0,59.0,54.0,59,69,79,86,90.0,101.0,101,89,72,120,164.0,163.0,135,104,109,142,118,102,84
9,87,78.0,73.0,70.0,79.0,75,72,79,96,112.0,108.0,102,92,99,104,114.0,119.0,115,81,94,126,133,131,107
10,87,76.0,73.0,66.0,64.0,70,85,106,162,199.0,215.0,162,106,84,71,62.0,54.0,62,75,99,98,92,84,75
11,71,70.0,58.0,56.0,50.0,45,54,58,66,81.0,96.0,90,74,67,66,64.0,64.0,60,62,78,94,91,86,86
12,76,68.0,67.0,72.0,71.0,76,70,69,74,88.0,92.0,88,78,68,64,68.0,67.0,61,70,92,108,118,125,116
13,100,96.0,96.0,111.0,90.0,87,93,122,143,158.0,168.0,148,102,92,93,87.0,82.0,76,85,102,133,165,147,112
14,137,158.0,129.0,136.0,163.0,120,140,265,322,,307.0,258,205,132,102,89.0,74.0,81,87,120,145,184,126,126
15,124,108.0,148.0,154.0,129.0,109,118,128,148,177.0,179.0,140,98,72,72,74.0,86.0,80,60,87,108,115,92,77
16,75,80.0,70.0,70.0,69.0,50,56,66,92,106.0,101.0,96,101,177,164,183.0,162.0,116,120,99,142,142,124,105
17,82,72.0,65.0,54.0,56.0,53,52,58,70,95.0,104.0,92,84,121,118,100.0,94.0,75,66,103,130,147,152,116
18,72,63.0,66.0,85.0,70.0,66,68,63,66,79.0,97.0,97,79,60,75,51.0,60.0,67,60,66,67,67,68,58
19,50,46.0,49.0,53.0,46.0,31,33,38,44,61.0,67.0,58,51,50,54,63.0,63.0,42,61,64,80,85,68,60
20,58,70.0,64.0,64.0,67.0,60,60,63,72,95.0,97.0,92,81,74,70,64.0,58.0,57,66,90,109,128,96,80
21,80,73.0,56.0,54.0,56.0,57,61,77,96,120.0,115.0,98,87,67,60,54.0,,56,73,86,106,96,81,68
22,61,53.0,46.0,44.0,42.0,44,51,59,82,109.0,107.0,104,92,81,72,,56.0,66,72,80,94,85,85,94
23,90,84.0,72.0,62.0,62.0,53,58,68,77,96.0,86.0,82,75,69,66,62.0,62.0,67,70,79,96,101,95,90
24,89,94.0,95.0,90.0,76.0,75,81,90,110,147.0,136.0,98,74,52,49,55.0,53.0,56,77,103,122,144,125,96
25,88,83.0,73.0,73.0,71.0,222,363,344,253,140.0,111.0,112,76,60,48,55.0,65.0,63,86,106,118,124,123,109
26,104,86.0,78.0,81.0,73.0,70,76,85,117,172.0,160.0,120,96,73,76,75.0,69.0,63,72,110,137,151,119,94
27,73,60.0,57.0,52.0,55.0,65,73,72,86,101.0,115.0,119,109,97,90,82.0,91.0,83,84,104,116,115,113,116
28,135,126.0,146.0,138.0,88.0,69,71,84,108,117.0,117.0,94,111,130,123,99.0,101.0,96,84,79,103,116,135,131
29,114,86.0,76.0,68.0,66.0,64,67,80,102,108.0,100.0,94,138,190,235,152.0,161.0,162,123,75,100,124,118,107
30,96,82.0,71.0,,71.0,76,74,94,117,124.0,102.0,105,105,117,126,143.0,160.0,162,136,123,163,133,135,147
31,159,,,,,130,97,100,118,129.0,113.0,102,105,108,129,133.0,175.0,149,108,113,124,132,136,145
"
"
February-2020,00:00:00,01:00:00,02:00:00,03:00:00,04:00:00,05:00:00,06:00:00,07:00:00,08:00:00,09:00:00,10:00:00,11:00:00,12:00:00,13:00:00,14:00:00,15:00:00,16:00:00,17:00:00,18:00:00,19:00:00,20:00:00,21:00:00,22:00:00,23:00:00
1,160.0,118.0,89.0,78.0,72.0,91.0,110.0,104.0,112.0,100.0,97.0,108.0,102.0,101.0,95.0,83.0,76.0,86.0,96.0,107.0,122.0,155.0,162.0,113.0
2,76.0,64.0,58.0,60.0,60.0,61.0,59.0,65.0,70.0,75.0,74.0,73.0,66.0,76.0,73.0,66.0,63.0,61.0,62.0,67.0,88.0,93.0,89.0,77.0
3,66.0,56.0,50.0,48.0,48.0,48.0,53.0,55.0,69.0,86.0,88.0,84.0,84.0,80.0,67.0,60.0,60.0,68.0,64.0,88.0,101.0,115.0,104.0,90.0
4,76.0,64.0,60.0,51.0,48.0,48.0,48.0,58.0,74.0,79.0,71.0,71.0,62.0,55.0,56.0,49.0,62.0,55.0,62.0,74.0,99.0,106.0,105.0,109.0
5,68.0,59.0,62.0,52.0,50.0,52.0,68.0,79.0,101.0,105.0,105.0,106.0,106.0,107.0,108.0,111.0,115.0,117.0,118.0,126.0,135.0,138.0,138.0,133.0
6,135.0,70.0,56.0,50.0,59.0,53.0,71.0,94.0,104.0,109.0,120.0,108.0,88.0,77.0,79.0,103.0,134.0,112.0,117.0,105.0,117.0,153.0,105.0,102.0
7,96.0,67.0,58.0,48.0,40.0,41.0,38.0,51.0,82.0,109.0,120.0,123.0,113.0,128.0,110.0,104.0,104.0,94.0,98.0,107.0,131.0,199.0,128.0,128.0
8,118.0,105.0,95.0,73.0,67.0,64.0,74.0,85.0,103.0,120.0,125.0,112.0,115.0,61.0,48.0,53.0,53.0,61.0,66.0,68.0,80.0,96.0,122.0,108.0
9,83.0,68.0,73.0,77.0,66.0,60.0,52.0,52.0,66.0,80.0,84.0,121.0,102.0,97.0,88.0,88.0,82.0,79.0,80.0,78.0,89.0,88.0,85.0,80.0
10,69.0,60.0,49.0,47.0,44.0,44.0,42.0,52.0,63.0,72.0,78.0,74.0,72.0,68.0,71.0,75.0,70.0,74.0,74.0,91.0,100.0,101.0,109.0,105.0
11,92.0,65.0,54.0,40.0,42.0,40.0,38.0,49.0,64.0,84.0,88.0,86.0,78.0,65.0,66.0,66.0,61.0,61.0,72.0,87.0,100.0,108.0,103.0,109.0
12,94.0,75.0,60.0,54.0,51.0,41.0,46.0,57.0,75.0,75.0,95.0,90.0,64.0,53.0,54.0,54.0,59.0,57.0,64.0,71.0,90.0,107.0,112.0,95.0
13,97.0,76.0,76.0,71.0,64.0,56.0,51.0,60.0,80.0,111.0,98.0,78.0,65.0,57.0,69.0,65.0,64.0,58.0,74.0,87.0,100.0,143.0,126.0,99.0
14,92.0,76.0,70.0,71.0,74.0,68.0,69.0,73.0,,,,,,,,,,,,,,,,
15,,,,,79.0,,,,,,,,,,,,,,,,,,,
16,,,,,,,,,,,,24.0,82.0,78.0,88.0,85.0,88.0,77.0,79.0,125.0,142.0,146.0,127.0,101.0
17,100.0,96.0,69.0,58.0,56.0,56.0,84.0,228.0,106.0,114.0,114.0,101.0,86.0,82.0,85.0,78.0,83.0,80.0,91.0,114.0,124.0,129.0,127.0,108.0
18,96.0,92.0,82.0,80.0,74.0,69.0,70.0,79.0,100.0,109.0,108.0,113.0,103.0,91.0,91.0,74.0,,93.0,109.0,143.0,144.0,135.0,119.0,102.0
19,86.0,70.0,88.0,77.0,75.0,81.0,80.0,84.0,94.0,102.0,108.0,119.0,116.0,92.0,78.0,72.0,74.0,73.0,81.0,91.0,111.0,132.0,111.0,102.0
20,94.0,93.0,109.0,107.0,78.0,80.0,97.0,100.0,114.0,143.0,140.0,140.0,95.0,80.0,78.0,68.0,79.0,57.0,62.0,73.0,110.0,129.0,120.0,111.0
21,98.0,85.0,73.0,74.0,56.0,54.0,55.0,54.0,69.0,78.0,73.0,90.0,78.0,72.0,66.0,60.0,60.0,55.0,52.0,60.0,82.0,104.0,91.0,86.0
22,87.0,93.0,88.0,90.0,86.0,83.0,80.0,71.0,75.0,79.0,87.0,89.0,72.0,69.0,58.0,59.0,57.0,51.0,59.0,69.0,82.0,95.0,98.0,117.0
23,154.0,88.0,80.0,70.0,67.0,72.0,73.0,83.0,94.0,88.0,76.0,79.0,74.0,79.0,82.0,76.0,68.0,62.0,52.0,49.0,60.0,81.0,74.0,60.0
24,54.0,47.0,50.0,58.0,57.0,55.0,45.0,42.0,79.0,87.0,90.0,90.0,82.0,85.0,76.0,81.0,69.0,71.0,79.0,91.0,106.0,127.0,114.0,102.0
25,86.0,81.0,72.0,68.0,72.0,70.0,65.0,68.0,86.0,89.0,95.0,101.0,107.0,172.0,202.0,168.0,154.0,119.0,75.0,99.0,126.0,138.0,133.0,107.0
26,85.0,73.0,80.0,81.0,70.0,61.0,56.0,64.0,78.0,92.0,108.0,105.0,102.0,98.0,80.0,68.0,64.0,66.0,66.0,81.0,98.0,104.0,100.0,78.0
27,80.0,73.0,76.0,58.0,56.0,68.0,70.0,80.0,102.0,112.0,107.0,106.0,102.0,95.0,84.0,73.0,85.0,74.0,70.0,84.0,111.0,130.0,114.0,120.0
28,128.0,113.0,101.0,82.0,68.0,68.0,70.0,80.0,96.0,96.0,94.0,93.0,87.0,80.0,69.0,66.0,62.0,68.0,63.0,86.0,112.0,132.0,109.0,108.0
29,101.0,89.0,89.0,85.0,77.0,67.0,72.0,77.0,88.0,86.0,97.0,93.0,86.0,87.0,75.0,66.0,71.0,72.0,62.0,70.0,105.0,108.0,142.0,107.0
"
"
March-2020,00:00:00,01:00:00,02:00:00,03:00:00,04:00:00,05:00:00,06:00:00,07:00:00,08:00:00,09:00:00,10:00:00,11:00:00,12:00:00,13:00:00,14:00:00,15:00:00,16:00:00,17:00:00,18:00:00,19:00:00,20:00:00,21:00:00,22:00:00,23:00:00
1,86.0,90.0,82.0,66.0,70.0,60.0,63.0,64.0,90.0,91.0,90.0,95,85,82,82.0,75,69,72,66,71.0,94.0,123.0,88.0,81.0
2,74.0,75.0,67.0,65.0,71.0,67.0,62.0,64.0,79.0,101.0,101.0,114,116,118,164.0,231,272,137,120,126.0,112.0,129.0,200.0,233.0
3,135.0,110.0,89.0,86.0,91.0,88.0,105.0,103.0,120.0,126.0,141.0,121,114,153,199.0,203,214,224,193,143.0,137.0,203.0,257.0,250.0
4,157.0,83.0,74.0,76.0,83.0,91.0,87.0,94.0,105.0,115.0,109.0,78,81,73,72.0,75,81,78,105,89.0,100.0,118.0,106.0,105.0
5,115.0,127.0,110.0,110.0,130.0,138.0,154.0,137.0,122.0,126.0,118.0,110,89,81,,86,85,78,87,99.0,109.0,103.0,108.0,107.0
6,88.0,91.0,79.0,66.0,64.0,56.0,50.0,63.0,77.0,88.0,83.0,88,87,92,72.0,79,86,93,105,77.0,70.0,73.0,108.0,94.0
7,76.0,92.0,96.0,82.0,83.0,59.0,53.0,46.0,56.0,98.0,107.0,101,101,67,84.0,72,79,80,77,105.0,107.0,92.0,115.0,116.0
8,109.0,85.0,100.0,90.0,99.0,86.0,75.0,80.0,87.0,113.0,105.0,95,88,112,111.0,121,90,81,78,81.0,84.0,96.0,95.0,95.0
9,82.0,73.0,80.0,75.0,72.0,63.0,61.0,63.0,71.0,79.0,85.0,72,91,85,141.0,174,138,108,101,,131.0,105.0,115.0,108.0
10,85.0,76.0,77.0,75.0,72.0,71.0,51.0,61.0,102.0,173.0,117.0,114,117,155,149.0,164,108,94,105,100.0,111.0,116.0,113.0,119.0
11,103.0,88.0,98.0,90.0,99.0,89.0,83.0,64.0,95.0,86.0,76.0,97,98,93,103.0,97,77,85,82,97.0,107.0,100.0,105.0,111.0
12,97.0,79.0,61.0,60.0,69.0,52.0,77.0,69.0,71.0,99.0,88.0,91,144,145,112.0,106,87,74,62,90.0,118.0,116.0,117.0,107.0
13,72.0,74.0,64.0,60.0,60.0,67.0,68.0,83.0,198.0,108.0,100.0,94,95,69,62.0,61,68,76,76,,,,,
14,,,,,,,,,,87.0,100.0,96,87,79,70.0,77,81,76,67,72.0,105.0,120.0,101.0,93.0
15,82.0,68.0,58.0,53.0,59.0,61.0,66.0,93.0,133.0,89.0,91.0,92,117,99,90.0,87,80,82,89,103.0,103.0,105.0,103.0,101.0
16,94.0,55.0,47.0,41.0,42.0,42.0,49.0,54.0,65.0,68.0,65.0,70,65,79,93.0,67,59,54,63,79.0,90.0,94.0,90.0,86.0
17,76.0,66.0,62.0,54.0,51.0,47.0,47.0,64.0,86.0,94.0,74.0,65,56,52,55.0,54,57,57,56,66.0,79.0,70.0,74.0,88.0
18,,,,,,,,,,,,61,65,59,51.0,58,63,63,62,76.0,96.0,106.0,104.0,82.0
19,72.0,74.0,68.0,60.0,53.0,49.0,48.0,62.0,90.0,106.0,92.0,112,107,115,126.0,130,116,128,82,89.0,114.0,124.0,119.0,120.0
20,114.0,130.0,127.0,115.0,90.0,90.0,74.0,70.0,76.0,80.0,101.0,91,90,118,114.0,129,119,89,91,90.0,78.0,68.0,62.0,54.0
21,67.0,77.0,81.0,78.0,73.0,67.0,53.0,59.0,67.0,82.0,91.0,102,113,119,138.0,126,139,156,182,135.0,113.0,160.0,177.0,96.0
22,82.0,68.0,68.0,68.0,79.0,58.0,52.0,48.0,44.0,50.0,63.0,72,77,87,101.0,124,136,140,145,100.0,304.0,331.0,97.0,93.0
23,66.0,66.0,66.0,63.0,62.0,71.0,75.0,79.0,88.0,100.0,103.0,98,101,103,108.0,110,83,90,77,72.0,76.0,104.0,109.0,108.0
24,118.0,118.0,113.0,124.0,138.0,165.0,152.0,162.0,158.0,114.0,88.0,78,71,68,60.0,61,62,63,60,62.0,75.0,92.0,97.0,68.0
25,55.0,54.0,47.0,46.0,48.0,39.0,40.0,41.0,48.0,53.0,54.0,62,58,57,51.0,46,47,49,50,44.0,55.0,60.0,52.0,51.0
26,46.0,47.0,47.0,49.0,52.0,51.0,56.0,49.0,52.0,65.0,73.0,71,63,47,46.0,42,40,40,45,51.0,54.0,59.0,65.0,50.0
27,48.0,47.0,44.0,44.0,47.0,47.0,52.0,47.0,48.0,59.0,62.0,57,53,44,43.0,44,45,46,49,44.0,52.0,66.0,65.0,58.0
28,47.0,48.0,50.0,52.0,52.0,49.0,46.0,46.0,49.0,56.0,52.0,55,55,51,47.0,46,47,47,55,43.0,46.0,53.0,57.0,50.0
29,50.0,49.0,42.0,43.0,46.0,52.0,59.0,64.0,64.0,70.0,57.0,56,54,50,48.0,48,50,50,51,45.0,48.0,62.0,64.0,58.0
30,53.0,55.0,64.0,76.0,94.0,95.0,97.0,72.0,67.0,72.0,67.0,58,54,50,47.0,42,44,44,48,50.0,49.0,52.0,58.0,53.0
31,52.0,48.0,42.0,41.0,40.0,41.0,46.0,51.0,53.0,60.0,56.0,53,58,59,59.0,56,57,58,60,57.0,63.0,68.0,72.0,60.0
"
"
April-2020,00:00:00,01:00:00,02:00:00,03:00:00,04:00:00,05:00:00,06:00:00,07:00:00,08:00:00,09:00:00,10:00:00,11:00:00,12:00:00,13:00:00,14:00:00,15:00:00,16:00:00,17:00:00,18:00:00,19:00:00,20:00:00,21:00:00,22:00:00,23:00:00
1,52.0,59.0,55.0,52.0,49.0,48.0,53.0,59.0,66.0,71.0,56.0,44.0,45.0,48.0,51.0,48.0,50.0,52.0,54.0,50.0,61.0,80.0,74.0,62.0
2,52.0,49.0,52.0,49.0,52.0,52.0,50.0,54.0,59.0,69.0,54.0,56.0,56.0,54.0,57.0,57.0,61.0,62.0,62.0,61.0,65.0,67.0,78.0,98.0
3,138.0,104.0,99.0,85.0,89.0,90.0,84.0,91.0,114.0,65.0,64.0,54.0,55.0,57.0,58.0,58.0,119.0,103.0,64.0,58.0,108.0,187.0,78.0,64.0
4,61.0,89.0,96.0,89.0,90.0,102.0,97.0,86.0,85.0,73.0,64.0,66.0,53.0,57.0,62.0,65.0,64.0,68.0,66.0,63.0,71.0,75.0,79.0,60.0
5,60.0,75.0,96.0,92.0,76.0,86.0,92.0,106.0,102.0,98.0,120.0,40.0,50.0,102.0,57.0,63.0,64.0,65.0,65.0,64.0,65.0,125.0,268.0,156.0
6,52.0,57.0,104.0,275.0,150.0,37.0,36.0,36.0,39.0,38.0,46.0,53.0,,,,,,,,,,,,
7,,,,,,,,,,,,,,,57.0,,58.0,61.0,54.0,40.0,43.0,37.0,42.0,38.0
8,39.0,50.0,43.0,39.0,29.0,36.0,32.0,34.0,42.0,40.0,36.0,32.0,32.0,31.0,45.0,43.0,48.0,48.0,24.0,30.0,44.0,83.0,92.0,72.0
9,54.0,55.0,51.0,51.0,48.0,57.0,62.0,66.0,80.0,89.0,75.0,82.0,82.0,83.0,79.0,81.0,80.0,80.0,79.0,92.0,91.0,45.0,42.0,39.0
10,38.0,41.0,39.0,36.0,34.0,40.0,36.0,35.0,41.0,43.0,47.0,60.0,50.0,44.0,,,,,,,,,,
11,,,,,,,,,,,,,,,,,,,,,,,,
12,,,,,,,,,,,,,,,,,,,,,,,,
13,,,,,,,,,,,,,68.0,68.0,62.0,64.0,65.0,67.0,67.0,63.0,62.0,68.0,76.0,72.0
14,76.0,90.0,78.0,75.0,79.0,75.0,72.0,71.0,91.0,110.0,80.0,59.0,56.0,66.0,52.0,42.0,49.0,49.0,50.0,54.0,67.0,73.0,64.0,60.0
15,72.0,124.0,165.0,160.0,164.0,152.0,91.0,91.0,86.0,84.0,62.0,56.0,48.0,38.0,35.0,38.0,36.0,32.0,34.0,38.0,54.0,80.0,60.0,47.0
16,54.0,70.0,76.0,79.0,67.0,49.0,51.0,58.0,65.0,75.0,60.0,46.0,55.0,60.0,60.0,60.0,62.0,67.0,65.0,53.0,70.0,83.0,75.0,68.0
17,53.0,45.0,45.0,42.0,41.0,64.0,64.0,72.0,84.0,92.0,100.0,82.0,58.0,62.0,74.0,80.0,80.0,72.0,72.0,78.0,81.0,82.0,82.0,60.0
18,58.0,57.0,50.0,53.0,56.0,49.0,43.0,50.0,72.0,83.0,84.0,73.0,64.0,68.0,68.0,64.0,59.0,56.0,53.0,59.0,67.0,80.0,82.0,70.0
19,57.0,46.0,38.0,46.0,66.0,63.0,61.0,63.0,73.0,71.0,81.0,77.0,64.0,50.0,45.0,41.0,35.0,32.0,29.0,36.0,45.0,48.0,43.0,49.0
20,58.0,67.0,50.0,36.0,32.0,30.0,33.0,36.0,44.0,48.0,38.0,46.0,41.0,35.0,30.0,29.0,32.0,40.0,24.0,31.0,36.0,50.0,58.0,40.0
21,33.0,34.0,34.0,34.0,34.0,26.0,33.0,33.0,36.0,43.0,44.0,38.0,34.0,26.0,24.0,22.0,23.0,21.0,30.0,42.0,64.0,102.0,81.0,80.0
22,38.0,34.0,34.0,36.0,39.0,48.0,46.0,42.0,45.0,52.0,61.0,59.0,54.0,40.0,40.0,42.0,43.0,40.0,39.0,40.0,44.0,55.0,50.0,40.0
23,37.0,43.0,48.0,40.0,35.0,34.0,29.0,28.0,32.0,44.0,57.0,41.0,36.0,37.0,36.0,35.0,36.0,40.0,45.0,50.0,53.0,53.0,36.0,30.0
24,32.0,36.0,40.0,34.0,24.0,26.0,23.0,18.0,,,31.0,34.0,45.0,53.0,59.0,59.0,62.0,64.0,58.0,44.0,51.0,69.0,69.0,62.0
25,47.0,43.0,43.0,46.0,48.0,48.0,35.0,37.0,44.0,58.0,68.0,78.0,74.0,61.0,56.0,57.0,54.0,48.0,43.0,57.0,42.0,45.0,40.0,37.0
26,40.0,43.0,44.0,42.0,30.0,26.0,27.0,34.0,47.0,40.0,49.0,52.0,49.0,50.0,58.0,40.0,34.0,20.0,27.0,32.0,34.0,46.0,35.0,30.0
27,34.0,30.0,32.0,35.0,32.0,29.0,26.0,30.0,33.0,36.0,46.0,58.0,52.0,36.0,53.0,42.0,37.0,43.0,50.0,60.0,66.0,60.0,61.0,55.0
28,66.0,54.0,35.0,38.0,44.0,49.0,49.0,47.0,54.0,70.0,56.0,66.0,64.0,60.0,58.0,45.0,42.0,56.0,70.0,55.0,40.0,50.0,46.0,35.0
29,30.0,,24.0,29.0,27.0,25.0,26.0,25.0,24.0,29.0,35.0,44.0,51.0,40.0,34.0,26.0,25.0,24.0,27.0,34.0,49.0,52.0,48.0,45.0
30,30.0,36.0,36.0,38.0,37.0,36.0,34.0,36.0,38.0,42.0,55.0,56.0,48.0,46.0,45.0,41.0,38.0,34.0,39.0,48.0,68.0,83.0,88.0,90.0
"
"
May-2020,00:00:00,01:00:00,02:00:00,03:00:00,04:00:00,05:00:00,06:00:00,07:00:00,08:00:00,09:00:00,10:00:00,11:00:00,12:00:00,13:00:00,14:00:00,15:00:00,16:00:00,17:00:00,18:00:00,19:00:00,20:00:00,21:00:00,22:00:00,23:00:00
1,73.0,63.0,53.0,47.0,50.0,54.0,61.0,62.0,66.0,60.0,55.0,54.0,60.0,63.0,67.0,68.0,69.0,72.0,71.0,66.0,73.0,111.0,70.0,62.0
2,50.0,50.0,50.0,42.0,40.0,40.0,40.0,42.0,41.0,45.0,44.0,38.0,37.0,47.0,43.0,49.0,52.0,57.0,59.0,60.0,64.0,53.0,58.0,48.0
3,40.0,32.0,32.0,34.0,37.0,42.0,38.0,42.0,46.0,41.0,50.0,46.0,48.0,52.0,54.0,55.0,54.0,65.0,78.0,67.0,66.0,64.0,61.0,62.0
4,70.0,70.0,68.0,63.0,62.0,56.0,52.0,57.0,60.0,61.0,60.0,58.0,58.0,62.0,71.0,84.0,84.0,83.0,74.0,71.0,78.0,87.0,102.0,117.0
5,97.0,83.0,78.0,77.0,70.0,68.0,78.0,90.0,93.0,98.0,100.0,105.0,92.0,86.0,93.0,94.0,99.0,101.0,103.0,104.0,108.0,105.0,99.0,76.0
6,67.0,69.0,74.0,43.0,30.0,34.0,35.0,38.0,48.0,56.0,64.0,68.0,74.0,60.0,66.0,71.0,71.0,70.0,83.0,86.0,51.0,52.0,78.0,88.0
7,95.0,86.0,84.0,71.0,62.0,61.0,56.0,58.0,76.0,86.0,102.0,94.0,79.0,76.0,87.0,80.0,82.0,77.0,90.0,81.0,46.0,43.0,56.0,56.0
8,61.0,56.0,44.0,35.0,31.0,27.0,30.0,41.0,52.0,53.0,61.0,54.0,46.0,42.0,46.0,46.0,53.0,58.0,59.0,58.0,54.0,45.0,33.0,38.0
9,37.0,40.0,38.0,48.0,55.0,47.0,55.0,60.0,72.0,79.0,80.0,70.0,61.0,72.0,69.0,64.0,60.0,65.0,65.0,72.0,87.0,91.0,64.0,62.0
10,82.0,92.0,82.0,71.0,49.0,43.0,40.0,51.0,60.0,55.0,50.0,46.0,48.0,56.0,54.0,50.0,49.0,49.0,48.0,54.0,71.0,80.0,81.0,61.0
11,56.0,49.0,44.0,40.0,42.0,43.0,42.0,46.0,,,71.0,59.0,55.0,,,,,,,,,,,
12,,,,,,,,,,,,73.0,68.0,53.0,52.0,42.0,45.0,40.0,44.0,51.0,56.0,47.0,39.0,33.0
13,32.0,30.0,24.0,20.0,17.0,20.0,20.0,18.0,22.0,36.0,39.0,42.0,38.0,36.0,38.0,38.0,37.0,40.0,46.0,58.0,79.0,65.0,74.0,84.0
14,80.0,102.0,94.0,55.0,44.0,34.0,31.0,36.0,43.0,57.0,68.0,76.0,62.0,48.0,48.0,47.0,50.0,49.0,52.0,58.0,71.0,68.0,57.0,60.0
15,53.0,45.0,37.0,36.0,33.0,27.0,28.0,33.0,33.0,60.0,81.0,63.0,50.0,40.0,38.0,38.0,39.0,39.0,33.0,31.0,46.0,76.0,81.0,51.0
16,42.0,55.0,51.0,46.0,38.0,30.0,27.0,30.0,39.0,52.0,69.0,60.0,49.0,42.0,52.0,46.0,50.0,55.0,57.0,62.0,72.0,80.0,69.0,66.0
17,68.0,68.0,63.0,46.0,43.0,36.0,31.0,40.0,50.0,54.0,57.0,54.0,54.0,45.0,43.0,43.0,39.0,42.0,43.0,50.0,66.0,72.0,38.0,24.0
18,14.0,19.0,22.0,20.0,20.0,24.0,22.0,22.0,26.0,26.0,36.0,,,,,,,54.0,,99.0,92.0,84.0,68.0,52.0
19,50.0,56.0,69.0,74.0,77.0,86.0,74.0,69.0,72.0,77.0,83.0,94.0,100.0,100.0,92.0,92.0,102.0,108.0,105.0,109.0,112.0,107.0,72.0,50.0
20,42.0,44.0,50.0,57.0,51.0,52.0,43.0,39.0,47.0,52.0,62.0,67.0,69.0,68.0,65.0,64.0,64.0,69.0,74.0,80.0,86.0,88.0,68.0,57.0
21,56.0,54.0,57.0,62.0,57.0,53.0,48.0,40.0,48.0,59.0,58.0,56.0,61.0,69.0,64.0,58.0,67.0,68.0,57.0,57.0,69.0,68.0,63.0,70.0
22,47.0,43.0,40.0,45.0,42.0,41.0,42.0,43.0,45.0,41.0,46.0,58.0,65.0,64.0,66.0,62.0,64.0,62.0,72.0,76.0,61.0,62.0,56.0,44.0
23,48.0,47.0,44.0,44.0,43.0,41.0,33.0,29.0,37.0,39.0,47.0,62.0,66.0,63.0,62.0,68.0,71.0,75.0,66.0,74.0,83.0,75.0,72.0,68.0
24,52.0,46.0,36.0,39.0,54.0,57.0,48.0,40.0,34.0,42.0,42.0,46.0,69.0,66.0,74.0,68.0,56.0,36.0,32.0,33.0,43.0,54.0,57.0,72.0
25,54.0,33.0,30.0,26.0,30.0,34.0,32.0,36.0,43.0,34.0,41.0,46.0,51.0,53.0,62.0,66.0,67.0,58.0,60.0,62.0,68.0,66.0,72.0,73.0
26,55.0,40.0,39.0,33.0,36.0,38.0,40.0,44.0,40.0,38.0,40.0,42.0,46.0,51.0,55.0,56.0,54.0,54.0,49.0,47.0,58.0,64.0,42.0,50.0
27,50.0,28.0,30.0,33.0,38.0,39.0,30.0,37.0,49.0,56.0,56.0,61.0,65.0,69.0,73.0,73.0,65.0,38.0,41.0,56.0,38.0,54.0,48.0,38.0
28,44.0,33.0,23.0,24.0,25.0,24.0,32.0,50.0,60.0,72.0,57.0,53.0,58.0,56.0,61.0,61.0,60.0,60.0,54.0,62.0,76.0,57.0,54.0,35.0
29,27.0,35.0,39.0,35.0,31.0,33.0,30.0,26.0,33.0,45.0,49.0,51.0,56.0,60.0,64.0,69.0,68.0,70.0,41.0,44.0,63.0,48.0,60.0,60.0
30,46.0,24.0,15.0,17.0,18.0,18.0,16.0,25.0,22.0,28.0,41.0,34.0,29.0,38.0,42.0,39.0,48.0,53.0,46.0,55.0,60.0,32.0,34.0,36.0
31,53.0,100.0,90.0,49.0,78.0,79.0,86.0,86.0,86.0,87.0,88.0,82.0,80.0,76.0,83.0,79.0,77.0,84.0,85.0,78.0,101.0,101.0,76.0,77.0
"
"
June-2020,00:00:00,01:00:00,02:00:00,03:00:00,04:00:00,05:00:00,06:00:00,07:00:00,08:00:00,09:00:00,10:00:00,11:00:00,12:00:00,13:00:00,14:00:00,15:00:00,16:00:00,17:00:00,18:00:00,19:00:00,20:00:00,21:00:00,22:00:00,23:00:00
1,74.0,33.0,34.0,25.0,26.0,30.0,32.0,40.0,40.0,42.0,40.0,38.0,38.0,50.0,46.0,41.0,37.0,43,52,38,41.0,32.0,27.0,32.0
2,33.0,29.0,27.0,21.0,23.0,25.0,21.0,25.0,31.0,37.0,47.0,40.0,34.0,31.0,32.0,30.0,29.0,29,27,25,24.0,22.0,21.0,25.0
3,24.0,57.0,56.0,46.0,47.0,49.0,49.0,49.0,62.0,62.0,65.0,62.0,47.0,46.0,48.0,50.0,53.0,51,53,50,46.0,48.0,48.0,48.0
4,58.0,41.0,44.0,34.0,34.0,39.0,34.0,40.0,47.0,50.0,44.0,44.0,43.0,49.0,48.0,38.0,41.0,42,40,51,56.0,52.0,42.0,50.0
5,44.0,32.0,30.0,24.0,17.0,21.0,24.0,31.0,40.0,43.0,44.0,43.0,37.0,36.0,36.0,33.0,36.0,36,46,45,43.0,36.0,34.0,33.0
6,37.0,35.0,36.0,39.0,38.0,35.0,41.0,40.0,54.0,65.0,65.0,54.0,52.0,51.0,45.0,54.0,64.0,53,56,51,47.0,40.0,33.0,36.0
7,38.0,43.0,38.0,37.0,43.0,33.0,40.0,42.0,48.0,55.0,58.0,59.0,56.0,51.0,53.0,55.0,62.0,73,68,71,60.0,43.0,41.0,44.0
8,46.0,51.0,49.0,48.0,48.0,44.0,38.0,41.0,47.0,52.0,52.0,46.0,52.0,55.0,57.0,55.0,56.0,60,65,64,67.0,64.0,62.0,57.0
9,54.0,54.0,58.0,58.0,59.0,49.0,49.0,55.0,62.0,70.0,65.0,69.0,66.0,64.0,59.0,59.0,70.0,69,69,66,70.0,64.0,47.0,47.0
10,46.0,54.0,32.0,30.0,32.0,13.0,12.0,14.0,21.0,24.0,29.0,24.0,19.0,22.0,24.0,18.0,29.0,63,61,51,37.0,37.0,25.0,26.0
11,28.0,48.0,44.0,43.0,46.0,43.0,43.0,47.0,50.0,57.0,62.0,52.0,52.0,43.0,41.0,45.0,46.0,46,50,55,52.0,53.0,50.0,44.0
12,40.0,36.0,37.0,36.0,36.0,38.0,36.0,34.0,42.0,45.0,44.0,43.0,43.0,35.0,40.0,39.0,40.0,44,54,60,50.0,34.0,35.0,36.0
13,35.0,38.0,47.0,46.0,48.0,35.0,40.0,41.0,48.0,58.0,57.0,52.0,54.0,47.0,44.0,49.0,51.0,61,52,55,57.0,60.0,51.0,40.0
14,46.0,35.0,42.0,47.0,42.0,39.0,37.0,32.0,37.0,40.0,40.0,46.0,41.0,40.0,33.0,22.0,28.0,30,33,36,34.0,43.0,40.0,27.0
15,27.0,30.0,36.0,37.0,38.0,39.0,37.0,36.0,40.0,41.0,54.0,46.0,49.0,53.0,55.0,48.0,36.0,37,43,51,56.0,65.0,66.0,44.0
16,40.0,34.0,38.0,50.0,56.0,52.0,46.0,45.0,40.0,39.0,42.0,53.0,56.0,53.0,55.0,52.0,42.0,51,58,56,63.0,58.0,45.0,47.0
17,38.0,38.0,38.0,37.0,42.0,44.0,50.0,51.0,46.0,47.0,50.0,56.0,65.0,73.0,82.0,80.0,70.0,74,75,62,67.0,71.0,46.0,45.0
18,43.0,53.0,61.0,63.0,61.0,54.0,59.0,59.0,69.0,66.0,74.0,80.0,69.0,70.0,77.0,71.0,65.0,69,69,74,78.0,76.0,76.0,72.0
19,67.0,55.0,60.0,60.0,62.0,63.0,62.0,60.0,57.0,65.0,70.0,71.0,73.0,74.0,64.0,50.0,62.0,59,68,78,58.0,56.0,54.0,58.0
20,50.0,49.0,46.0,42.0,46.0,52.0,49.0,54.0,52.0,60.0,55.0,53.0,62.0,57.0,54.0,56.0,50.0,53,56,57,61.0,54.0,50.0,48.0
21,49.0,50.0,46.0,46.0,51.0,58.0,56.0,58.0,54.0,52.0,57.0,50.0,50.0,48.0,40.0,40.0,44.0,48,47,44,48.0,47.0,39.0,42.0
22,33.0,26.0,28.0,34.0,34.0,36.0,38.0,33.0,31.0,29.0,40.0,44.0,43.0,50.0,61.0,61.0,57.0,53,46,38,30.0,50.0,51.0,44.0
23,45.0,34.0,29.0,30.0,34.0,42.0,44.0,46.0,38.0,39.0,48.0,54.0,64.0,66.0,70.0,69.0,70.0,72,73,74,78.0,85.0,72.0,48.0
24,42.0,37.0,42.0,44.0,44.0,46.0,47.0,49.0,52.0,55.0,64.0,70.0,66.0,78.0,71.0,66.0,73.0,69,62,47,,,,
25,,,,,,,,,,,,,,56.0,60.0,57.0,52.0,48,30,33,40.0,42.0,46.0,44.0
26,39.0,27.0,19.0,16.0,18.0,33.0,30.0,29.0,37.0,42.0,41.0,39.0,,,,,,30,36,41,43.0,49.0,50.0,46.0
27,43.0,37.0,30.0,20.0,19.0,19.0,25.0,27.0,30.0,30.0,34.0,31.0,31.0,32.0,37.0,43.0,44.0,38,31,31,36.0,50.0,57.0,62.0
28,37.0,27.0,20.0,19.0,20.0,22.0,25.0,27.0,28.0,29.0,26.0,22.0,27.0,26.0,33.0,49.0,43.0,51,48,39,35.0,37.0,36.0,37.0
29,30.0,25.0,24.0,19.0,19.0,22.0,30.0,30.0,33.0,34.0,36.0,32.0,35.0,42.0,44.0,44.0,36.0,37,32,30,39.0,49.0,42.0,32.0
30,22.0,18.0,18.0,17.0,18.0,21.0,21.0,25.0,25.0,19.0,20.0,21.0,28.0,25.0,28.0,29.0,30.0,29,34,30,34.0,42.0,42.0,39.0
"
"
July-2020,00:00:00,01:00:00,02:00:00,03:00:00,04:00:00,05:00:00,06:00:00,07:00:00,08:00:00,09:00:00,10:00:00,11:00:00,12:00:00,13:00:00,14:00:00,15:00:00,16:00:00,17:00:00,18:00:00,19:00:00,20:00:00,21:00:00,22:00:00,23:00:00
1,38.0,34.0,31.0,29.0,30.0,33.0,38.0,43.0,48.0,49.0,45.0,36.0,37.0,37.0,36.0,39.0,40.0,39.0,,,,,,
2,,,,,,,,,,,27.0,20.0,33.0,41.0,40.0,38.0,33.0,41.0,39.0,23.0,27.0,45.0,28.0,30.0
3,32.0,26.0,22.0,16.0,13.0,12.0,14.0,21.0,35.0,38.0,32.0,31.0,26.0,30.0,32.0,34.0,34.0,33.0,37.0,34.0,28.0,25.0,24.0,28.0
4,34.0,28.0,29.0,27.0,22.0,23.0,28.0,29.0,36.0,37.0,42.0,40.0,34.0,39.0,39.0,41.0,41.0,42.0,38.0,39.0,34.0,33.0,32.0,30.0
5,38.0,36.0,37.0,34.0,26.0,28.0,36.0,42.0,52.0,54.0,55.0,50.0,39.0,37.0,37.0,38.0,42.0,43.0,46.0,46.0,40.0,32.0,37.0,40.0
6,50.0,56.0,54.0,50.0,43.0,39.0,37.0,40.0,52.0,60.0,68.0,66.0,52.0,48.0,54.0,46.0,40.0,44.0,52.0,16.0,,,,
7,,,,,,,,,,,,,,,,42.0,37.0,38.0,42.0,51.0,58.0,72.0,63.0,36.0
8,41.0,46.0,40.0,41.0,34.0,29.0,,,,,,32.0,39.0,34.0,30.0,28.0,28.0,37.0,40.0,36.0,29.0,19.0,14.0,18.0
9,23.0,26.0,25.0,26.0,21.0,15.0,14.0,20.0,23.0,36.0,44.0,45.0,41.0,29.0,26.0,31.0,32.0,38.0,38.0,41.0,35.0,25.0,23.0,23.0
10,29.0,26.0,29.0,29.0,20.0,14.0,12.0,18.0,26.0,29.0,37.0,40.0,35.0,31.0,28.0,28.0,39.0,33.0,35.0,40.0,61.0,56.0,35.0,35.0
11,29.0,26.0,28.0,31.0,28.0,26.0,21.0,24.0,31.0,38.0,47.0,49.0,39.0,34.0,27.0,26.0,,,,,,,,
12,,,,,,,,,,,,,,,,,,,,,,,,
13,,,,,,,,,,,,66.0,47.0,40.0,36.0,34.0,34.0,38.0,50.0,56.0,54.0,42.0,42.0,36.0
14,25.0,26.0,25.0,27.0,27.0,26.0,22.0,22.0,31.0,38.0,44.0,39.0,45.0,30.0,31.0,32.0,28.0,31.0,27.0,38.0,46.0,52.0,40.0,33.0
15,28.0,24.0,24.0,28.0,30.0,28.0,26.0,19.0,19.0,26.0,28.0,33.0,36.0,33.0,36.0,32.0,29.0,28.0,31.0,28.0,32.0,32.0,,20.0
16,17.0,,,,,,,,,,,,,,,,,,,,,,,
17,,,,,,,,,,,,,,,,,,,34.0,37.0,36.0,34.0,34.0,27.0
18,20.0,26.0,29.0,34.0,43.0,36.0,40.0,38.0,32.0,32.0,32.0,43.0,49.0,48.0,56.0,65.0,22.0,24.0,31.0,35.0,39.0,31.0,35.0,28.0
19,22.0,20.0,21.0,21.0,25.0,25.0,29.0,22.0,20.0,28.0,,30.0,,29.0,,,,,,,,,,
20,,,,,,,,,,,,53.0,62.0,46.0,37.0,32.0,25.0,27.0,38.0,,,42.0,39.0,32.0
21,20.0,16.0,17.0,20.0,24.0,23.0,24.0,22.0,19.0,17.0,20.0,24.0,30.0,33.0,31.0,27.0,27.0,25.0,26.0,22.0,32.0,46.0,61.0,56.0
22,59.0,55.0,56.0,55.0,59.0,65.0,68.0,80.0,83.0,62.0,63.0,63.0,69.0,76.0,71.0,66.0,60.0,52.0,44.0,53.0,64.0,74.0,78.0,76.0
23,61.0,43.0,36.0,40.0,45.0,52.0,49.0,56.0,58.0,44.0,57.0,70.0,64.0,66.0,,,71.0,44.0,51.0,66.0,62.0,50.0,25.0,28.0
24,30.0,29.0,19.0,24.0,25.0,26.0,32.0,31.0,31.0,30.0,26.0,30.0,31.0,31.0,29.0,29.0,34.0,26.0,28.0,32.0,35.0,32.0,33.0,34.0
25,26.0,23.0,18.0,20.0,20.0,15.0,22.0,25.0,30.0,26.0,20.0,20.0,23.0,26.0,30.0,26.0,22.0,22.0,21.0,29.0,27.0,29.0,37.0,31.0
26,30.0,25.0,17.0,17.0,21.0,27.0,32.0,30.0,34.0,34.0,28.0,24.0,26.0,29.0,33.0,28.0,31.0,27.0,30.0,45.0,29.0,33.0,39.0,34.0
27,30.0,26.0,20.0,19.0,22.0,24.0,32.0,37.0,38.0,40.0,34.0,31.0,30.0,34.0,34.0,38.0,36.0,40.0,23.0,28.0,32.0,35.0,27.0,27.0
28,26.0,18.0,14.0,12.0,15.0,20.0,24.0,38.0,33.0,33.0,26.0,18.0,22.0,22.0,25.0,26.0,20.0,22.0,19.0,19.0,22.0,33.0,42.0,45.0
29,49.0,38.0,26.0,18.0,12.0,15.0,25.0,26.0,32.0,38.0,38.0,25.0,33.0,44.0,42.0,,,,,,,,,
30,,,,,,,,,,,,,24.0,28.0,28.0,29.0,26.0,27.0,31.0,38.0,70.0,29.0,33.0,24.0
31,25.0,25.0,14.0,12.0,11.0,20.0,25.0,31.0,27.0,27.0,24.0,14.0,16.0,22.0,22.0,29.0,25.0,25.0,25.0,28.0,24.0,24.0,20.0,28.0
"
"
August-2020,00:00:00,01:00:00,02:00:00,03:00:00,04:00:00,05:00:00,06:00:00,07:00:00,08:00:00,09:00:00,10:00:00,11:00:00,12:00:00,13:00:00,14:00:00,15:00:00,16:00:00,17:00:00,18:00:00,19:00:00,20:00:00,21:00:00,22:00:00,23:00:00
1,25.0,22.0,18.0,13.0,12.0,13.0,18.0,24.0,31.0,31.0,22.0,18.0,18.0,22.0,21.0,25.0,25.0,33.0,35.0,22.0,23.0,28.0,28.0,25.0
2,25.0,23.0,17.0,14.0,12.0,14.0,17.0,20.0,20.0,21.0,19.0,15.0,20.0,27.0,26.0,25.0,28.0,24.0,20.0,18.0,16.0,14.0,12.0,12.0
3,15.0,16.0,14.0,12.0,13.0,14.0,13.0,18.0,29.0,30.0,31.0,28.0,20.0,22.0,27.0,25.0,32.0,34.0,26.0,25.0,20.0,26.0,20.0,21.0
4,28.0,32.0,30.0,22.0,14.0,15.0,14.0,18.0,30.0,38.0,38.0,36.0,28.0,31.0,32.0,30.0,34.0,38.0,29.0,28.0,23.0,25.0,20.0,24.0
5,27.0,25.0,22.0,18.0,15.0,15.0,16.0,19.0,28.0,28.0,32.0,33.0,30.0,35.0,37.0,36.0,40.0,37.0,40.0,27.0,22.0,24.0,25.0,25.0
6,23.0,24.0,24.0,28.0,22.0,18.0,19.0,27.0,31.0,41.0,46.0,41.0,44.0,36.0,34.0,40.0,36.0,40.0,37.0,28.0,30.0,27.0,21.0,27.0
7,29.0,28.0,23.0,20.0,16.0,12.0,13.0,12.0,20.0,33.0,41.0,42.0,35.0,31.0,30.0,33.0,31.0,36.0,38.0,38.0,28.0,24.0,26.0,25.0
8,28.0,33.0,31.0,28.0,27.0,18.0,16.0,19.0,24.0,32.0,34.0,34.0,36.0,27.0,32.0,30.0,38.0,42.0,42.0,24.0,24.0,21.0,20.0,20.0
9,,,,,,,,,,,,,,,,,,,,,,,,
10,,,,,,,,,,,,,,,,,34.0,30.0,33.0,40.0,39.0,31.0,30.0,28.0
11,28.0,28.0,38.0,38.0,34.0,31.0,21.0,32.0,33.0,42.0,51.0,46.0,40.0,40.0,31.0,32.0,35.0,36.0,36.0,31.0,40.0,42.0,28.0,29.0
12,36.0,37.0,37.0,39.0,38.0,36.0,34.0,31.0,34.0,37.0,42.0,46.0,40.0,35.0,37.0,38.0,47.0,56.0,54.0,54.0,59.0,61.0,56.0,50.0
13,45.0,47.0,42.0,49.0,46.0,50.0,39.0,32.0,31.0,40.0,38.0,35.0,58.0,56.0,52.0,48.0,70.0,110.0,64.0,81.0,82.0,79.0,60.0,53.0
14,53.0,49.0,47.0,49.0,48.0,44.0,35.0,31.0,40.0,50.0,56.0,55.0,56.0,53.0,49.0,44.0,48.0,52.0,76.0,64.0,66.0,64.0,57.0,42.0
15,38.0,36.0,38.0,38.0,40.0,36.0,29.0,24.0,27.0,33.0,42.0,54.0,55.0,54.0,53.0,51.0,58.0,56.0,70.0,70.0,72.0,68.0,61.0,54.0
16,50.0,49.0,51.0,62.0,50.0,47.0,46.0,38.0,44.0,48.0,53.0,55.0,52.0,56.0,53.0,42.0,43.0,48.0,52.0,58.0,56.0,54.0,56.0,44.0
17,46.0,44.0,44.0,46.0,46.0,44.0,38.0,28.0,32.0,40.0,47.0,47.0,40.0,32.0,38.0,29.0,32.0,34.0,32.0,37.0,37.0,40.0,36.0,21.0
18,28.0,30.0,30.0,34.0,34.0,32.0,29.0,24.0,28.0,32.0,40.0,50.0,48.0,40.0,46.0,38.0,46.0,64.0,52.0,45.0,52.0,39.0,35.0,25.0
19,25.0,25.0,22.0,28.0,31.0,37.0,32.0,28.0,31.0,39.0,44.0,52.0,56.0,49.0,39.0,31.0,30.0,35.0,42.0,44.0,56.0,49.0,42.0,43.0
20,33.0,32.0,30.0,31.0,36.0,33.0,35.0,31.0,33.0,40.0,45.0,50.0,56.0,55.0,64.0,47.0,33.0,40.0,44.0,48.0,55.0,46.0,44.0,40.0
21,32.0,31.0,34.0,40.0,40.0,35.0,30.0,28.0,35.0,38.0,47.0,36.0,45.0,48.0,48.0,42.0,35.0,43.0,50.0,52.0,54.0,54.0,43.0,37.0
22,30.0,34.0,29.0,29.0,32.0,34.0,33.0,34.0,48.0,36.0,33.0,46.0,68.0,33.0,44.0,26.0,25.0,27.0,30.0,29.0,34.0,36.0,28.0,22.0
23,18.0,16.0,19.0,19.0,27.0,23.0,21.0,22.0,20.0,22.0,26.0,28.0,32.0,34.0,28.0,28.0,19.0,25.0,23.0,30.0,42.0,42.0,33.0,36.0
24,22.0,28.0,31.0,37.0,40.0,36.0,31.0,27.0,22.0,31.0,38.0,51.0,53.0,46.0,56.0,45.0,36.0,41.0,39.0,52.0,75.0,76.0,74.0,63.0
25,30.0,24.0,28.0,33.0,44.0,46.0,46.0,42.0,42.0,44.0,44.0,49.0,50.0,52.0,53.0,43.0,40.0,39.0,34.0,45.0,54.0,58.0,63.0,61.0
26,51.0,49.0,55.0,45.0,35.0,27.0,21.0,23.0,21.0,34.0,35.0,32.0,44.0,49.0,50.0,45.0,38.0,38.0,48.0,57.0,60.0,65.0,56.0,46.0
27,37.0,34.0,38.0,40.0,39.0,39.0,42.0,42.0,44.0,38.0,45.0,46.0,50.0,58.0,54.0,48.0,33.0,37.0,38.0,42.0,48.0,57.0,63.0,70.0
28,60.0,45.0,40.0,37.0,35.0,37.0,38.0,38.0,44.0,46.0,47.0,48.0,48.0,44.0,43.0,34.0,31.0,30.0,31.0,38.0,47.0,72.0,83.0,66.0
29,58.0,33.0,33.0,35.0,38.0,45.0,43.0,43.0,51.0,40.0,48.0,59.0,64.0,50.0,41.0,44.0,39.0,35.0,35.0,47.0,50.0,56.0,54.0,30.0
30,31.0,21.0,22.0,27.0,29.0,31.0,25.0,28.0,32.0,28.0,32.0,36.0,27.0,29.0,,,,,29.0,30.0,39.0,45.0,44.0,26.0
31,16.0,14.0,16.0,20.0,19.0,25.0,17.0,20.0,26.0,26.0,20.0,21.0,24.0,34.0,43.0,36.0,28.0,26.0,25.0,26.0,34.0,39.0,47.0,42.0
"
"
September-2020,00:00:00,01:00:00,02:00:00,03:00:00,04:00:00,05:00:00,06:00:00,07:00:00,08:00:00,09:00:00,10:00:00,11:00:00,12:00:00,13:00:00,14:00:00,15:00:00,16:00:00,17:00:00,18:00:00,19:00:00,20:00:00,21:00:00,22:00:00,23:00:00
1,23,18.0,13.0,12.0,12.0,16.0,18.0,19.0,18.0,20.0,29.0,24.0,23.0,29.0,31.0,24.0,20.0,29,36,52,49,46,53.0,64
2,63,23.0,19.0,18.0,24.0,20.0,33.0,32.0,36.0,32.0,26.0,32.0,39.0,40.0,53.0,51.0,48.0,57,79,101,98,87,57.0,51
3,52,40.0,33.0,31.0,47.0,38.0,39.0,42.0,42.0,45.0,45.0,60.0,58.0,54.0,57.0,67.0,56.0,53,56,62,46,50,66.0,76
4,67,54.0,42.0,38.0,48.0,50.0,44.0,52.0,71.0,90.0,84.0,99.0,72.0,64.0,60.0,58.0,62.0,55,64,77,94,103,78.0,62
5,54,70.0,52.0,55.0,63.0,86.0,98.0,106.0,110.0,108.0,96.0,78.0,84.0,89.0,84.0,92.0,101.0,88,74,79,98,102,105.0,98
6,99,87.0,80.0,54.0,71.0,66.0,68.0,79.0,96.0,100.0,109.0,96.0,90.0,89.0,83.0,86.0,76.0,75,74,69,68,72,74.0,76
7,70,29.0,24.0,23.0,23.0,23.0,23.0,26.0,26.0,31.0,34.0,32.0,32.0,32.0,33.0,36.0,33.0,34,34,41,43,40,35.0,53
8,49,40.0,32.0,26.0,28.0,27.0,28.0,32.0,33.0,39.0,36.0,37.0,40.0,43.0,41.0,39.0,37.0,37,44,54,64,64,45.0,51
9,55,39.0,38.0,26.0,27.0,28.0,27.0,27.0,30.0,36.0,39.0,41.0,40.0,33.0,34.0,38.0,38.0,40,45,52,51,40,31.0,33
10,28,25.0,25.0,25.0,25.0,24.0,26.0,30.0,30.0,31.0,33.0,39.0,40.0,37.0,40.0,35.0,31.0,33,34,42,44,38,35.0,33
11,31,28.0,25.0,26.0,26.0,26.0,25.0,26.0,27.0,29.0,31.0,36.0,38.0,36.0,42.0,36.0,33.0,33,34,37,38,42,36.0,31
12,27,25.0,24.0,25.0,24.0,25.0,24.0,24.0,30.0,29.0,32.0,34.0,38.0,39.0,39.0,37.0,35.0,39,39,46,51,51,40.0,36
13,33,29.0,28.0,31.0,32.0,31.0,30.0,30.0,31.0,33.0,36.0,37.0,37.0,35.0,37.0,34.0,31.0,32,33,40,44,34,33.0,31
14,30,28.0,28.0,27.0,27.0,28.0,27.0,26.0,29.0,32.0,39.0,44.0,30.0,31.0,33.0,34.0,31.0,37,40,47,56,61,67.0,58
15,52,46.0,52.0,45.0,40.0,33.0,38.0,42.0,46.0,48.0,42.0,40.0,36.0,43.0,46.0,38.0,37.0,42,45,44,53,48,48.0,51
16,34,32.0,31.0,31.0,26.0,25.0,26.0,33.0,38.0,33.0,33.0,36.0,36.0,40.0,46.0,40.0,37.0,35,44,54,60,64,54.0,35
17,31,32.0,36.0,29.0,27.0,31.0,36.0,30.0,40.0,44.0,45.0,38.0,37.0,34.0,34.0,35.0,36.0,39,39,38,44,49,44.0,39
18,34,47.0,35.0,37.0,36.0,25.0,26.0,32.0,33.0,32.0,32.0,33.0,31.0,32.0,33.0,30.0,30.0,34,42,48,52,45,41.0,38
19,33,27.0,26.0,26.0,28.0,30.0,32.0,31.0,38.0,53.0,69.0,51.0,38.0,33.0,33.0,33.0,39.0,43,44,38,43,39,33.0,29
20,26,23.0,23.0,23.0,22.0,28.0,29.0,26.0,24.0,26.0,25.0,34.0,41.0,29.0,32.0,38.0,35.0,28,31,28,29,29,30.0,27
21,24,22.0,22.0,23.0,22.0,23.0,23.0,23.0,26.0,37.0,46.0,38.0,38.0,42.0,37.0,34.0,40.0,42,50,57,53,44,33.0,28
22,26,24.0,23.0,29.0,33.0,34.0,37.0,33.0,31.0,32.0,36.0,35.0,36.0,34.0,40.0,39.0,38.0,37,38,42,41,48,36.0,31
23,30,,,,,,,,,,,,,,,,,45,50,59,68,60,65.0,64
24,53,56.0,42.0,40.0,34.0,38.0,40.0,42.0,38.0,37.0,35.0,40.0,54.0,48.0,47.0,53.0,43.0,44,45,54,62,75,,68
25,54,44.0,42.0,43.0,32.0,35.0,33.0,38.0,42.0,53.0,64.0,58.0,55.0,51.0,55.0,52.0,44.0,33,42,47,46,45,50.0,43
26,36,25.0,24.0,24.0,24.0,27.0,27.0,34.0,40.0,35.0,36.0,39.0,38.0,38.0,40.0,36.0,36.0,41,48,61,63,60,60.0,58
27,44,43.0,43.0,31.0,27.0,30.0,39.0,42.0,48.0,46.0,48.0,40.0,32.0,36.0,40.0,36.0,34.0,29,25,28,34,41,59.0,62
28,70,55.0,38.0,38.0,30.0,34.0,40.0,40.0,39.0,27.0,28.0,46.0,36.0,34.0,36.0,34.0,36.0,39,37,41,48,54,71.0,83
29,76,54.0,45.0,44.0,47.0,46.0,45.0,40.0,42.0,44.0,50.0,51.0,51.0,50.0,50.0,40.0,43.0,49,63,73,69,61,67.0,50
30,36,47.0,59.0,59.0,54.0,60.0,,,,,,,,,29.0,34.0,30.0,41,44,54,77,64,45.0,37
"
"
October-2020,00:00:00,01:00:00,02:00:00,03:00:00,04:00:00,05:00:00,06:00:00,07:00:00,08:00:00,09:00:00,10:00:00,11:00:00,12:00:00,13:00:00,14:00:00,15:00:00,16:00:00,17:00:00,18:00:00,19:00:00,20:00:00,21:00:00,22:00:00,23:00:00
1,32,35,40.0,35.0,37.0,39.0,32.0,37.0,35.0,33.0,37.0,34.0,38.0,28.0,30,42,30,30,33,49,60,71,67,54
2,45,38,37.0,40.0,56.0,42.0,35.0,31.0,37.0,38.0,45.0,44.0,51.0,62.0,55,49,56,59,62,79,88,85,79,59
3,57,46,35.0,40.0,41.0,32.0,26.0,27.0,34.0,34.0,37.0,48.0,50.0,53.0,59,54,53,53,55,58,65,43,48,37
4,36,28,26.0,26.0,29.0,28.0,28.0,28.0,33.0,36.0,31.0,28.0,30.0,28.0,29,32,30,29,29,35,42,44,40,36
5,32,27,29.0,29.0,29.0,28.0,30.0,32.0,32.0,44.0,40.0,38.0,36.0,34.0,40,41,39,41,50,64,81,76,75,67
6,55,57,46.0,42.0,45.0,41.0,41.0,35.0,34.0,41.0,47.0,50.0,64.0,68.0,68,64,59,57,53,67,91,103,100,98
7,98,91,81.0,69.0,59.0,54.0,45.0,41.0,49.0,50.0,80.0,60.0,62.0,71.0,69,63,62,58,69,76,88,92,99,92
8,81,73,72.0,73.0,82.0,83.0,63.0,64.0,67.0,79.0,93.0,97.0,98.0,94.0,85,86,80,75,76,96,106,116,122,117
9,113,105,96.0,84.0,44.0,43.0,58.0,50.0,55.0,67.0,69.0,69.0,82.0,90.0,96,102,84,95,76,74,95,104,107,70
10,58,34,28.0,30.0,26.0,26.0,30.0,28.0,44.0,48.0,44.0,42.0,37.0,36.0,32,34,38,38,40,51,71,58,37,47
11,38,32,35.0,28.0,33.0,32.0,32.0,34.0,30.0,37.0,36.0,37.0,45.0,38.0,48,43,38,35,37,48,50,46,41,39
12,42,29,33.0,39.0,31.0,31.0,40.0,46.0,52.0,53.0,58.0,48.0,41.0,41.0,36,38,35,47,56,68,54,40,34,40
13,33,32,28.0,26.0,25.0,26.0,26.0,31.0,35.0,36.0,34.0,45.0,54.0,54.0,57,66,67,56,56,62,62,43,34,31
14,27,35,38.0,31.0,33.0,30.0,32.0,42.0,52.0,52.0,46.0,44.0,44.0,42.0,39,33,35,34,40,38,39,37,41,46
15,44,41,35.0,36.0,29.0,30.0,34.0,40.0,48.0,46.0,46.0,47.0,39.0,36.0,39,35,40,37,41,46,53,58,45,45
16,43,40,38.0,34.0,35.0,35.0,38.0,50.0,67.0,91.0,102.0,98.0,89.0,85.0,86,93,99,98,98,96,103,113,120,119
17,105,97,88.0,76.0,68.0,69.0,67.0,64.0,72.0,94.0,99.0,92.0,93.0,96.0,76,68,71,76,78,82,96,115,124,111
18,81,71,70.0,77.0,75.0,67.0,68.0,71.0,76.0,86.0,98.0,97.0,98.0,103.0,68,65,65,75,80,92,89,94,92,99
19,93,86,,,,,,,,,,,,,43,41,42,40,49,53,70,86,83,105
20,92,99,103.0,106.0,64.0,40.0,42.0,46.0,48.0,53.0,52.0,47.0,46.0,43.0,53,56,55,52,50,44,40,61,60,53
21,48,43,34.0,34.0,35.0,37.0,39.0,36.0,31.0,34.0,38.0,42.0,39.0,44.0,48,49,43,38,39,44,52,44,43,56
22,48,31,30.0,33.0,32.0,28.0,27.0,34.0,34.0,44.0,47.0,56.0,54.0,49.0,43,40,38,49,48,57,56,50,54,41
23,35,36,37.0,34.0,34.0,32.0,30.0,28.0,35.0,41.0,46.0,46.0,54.0,52.0,63,58,53,62,54,63,51,52,41,35
24,34,33,33.0,32.0,32.0,31.0,34.0,41.0,42.0,38.0,46.0,55.0,59.0,44.0,49,47,44,52,61,77,105,109,111,113
25,109,90,46.0,36.0,35.0,44.0,53.0,56.0,77.0,69.0,79.0,66.0,68.0,72.0,72,64,63,68,65,65,64,61,57,49
26,59,65,66.0,68.0,71.0,74.0,78.0,102.0,104.0,100.0,115.0,94.0,79.0,80.0,74,71,71,74,82,94,107,111,110,104
27,103,102,98.0,95.0,98.0,109.0,111.0,132.0,172.0,217.0,,,88.0,51.0,92,76,76,82,94,108,124,163,153,143
28,119,120,104.0,104.0,108.0,106.0,104.0,104.0,123.0,136.0,111.0,102.0,92.0,93.0,85,85,84,76,84,103,118,122,122,118
29,122,122,103.0,105.0,108.0,97.0,102.0,107.0,108.0,110.0,111.0,114.0,116.0,100.0,97,100,100,100,98,100,106,102,106,102
30,99,101,92.0,85.0,85.0,81.0,89.0,103.0,110.0,110.0,114.0,111.0,100.0,94.0,91,98,94,90,96,118,135,149,162,179
31,171,139,170.0,152.0,155.0,137.0,139.0,161.0,136.0,192.0,158.0,160.0,155.0,137.0,120,103,95,107,119,191,198,179,180,213
"
"
November-2020,00:00:00,01:00:00,02:00:00,03:00:00,04:00:00,05:00:00,06:00:00,07:00:00,08:00:00,09:00:00,10:00:00,11:00:00,12:00:00,13:00:00,14:00:00,15:00:00,16:00:00,17:00:00,18:00:00,19:00:00,20:00:00,21:00:00,22:00:00,23:00:00
1,193,174,150,150,159.0,158.0,155.0,146.0,175.0,200.0,162.0,142,153,162,117,103,99,102,94,123,150,172,173,164
2,171,180,178,210,235.0,223.0,233.0,242.0,267.0,265.0,260.0,249,219,224,205,158,123,125,129,130,149,178,163,114
3,108,125,138,140,153.0,140.0,158.0,162.0,204.0,212.0,187.0,136,108,95,84,85,86,91,104,114,134,134,158,163
4,184,126,109,98,87.0,98.0,104.0,113.0,144.0,167.0,165.0,143,99,86,90,84,73,81,96,108,127,118,101,103
5,97,98,104,102,102.0,81.0,80.0,84.0,101.0,96.0,91.0,94,83,72,68,70,65,61,70,92,71,62,63,78
6,72,62,70,74,,,,,,,,113,151,57,56,55,54,62,72,100,95,87,70,63
7,57,56,61,60,60.0,51.0,40.0,55.0,66.0,56.0,51.0,58,50,52,52,80,40,41,68,68,69,64,58,45
8,39,37,36,37,34.0,34.0,37.0,40.0,54.0,62.0,65.0,77,86,88,94,94,84,78,81,101,113,130,138,125
9,129,137,142,139,163.0,152.0,148.0,152.0,155.0,169.0,158.0,128,131,139,103,92,85,85,83,95,115,118,116,129
10,128,128,138,118,116.0,107.0,113.0,104.0,109.0,122.0,112.0,104,98,78,72,68,68,76,92,113,144,173,146,111
11,108,105,98,94,96.0,95.0,110.0,131.0,158.0,137.0,116.0,99,81,72,72,61,56,66,70,92,115,112,108,98
12,74,75,71,66,65.0,74.0,82.0,86.0,102.0,100.0,89.0,70,54,56,56,54,52,59,72,80,59,44,40,43
13,47,35,28,26,25.0,26.0,26.0,30.0,35.0,42.0,48.0,51,58,53,57,60,58,38,49,80,88,79,87,79
14,48,41,45,42,48.0,51.0,55.0,61.0,63.0,58.0,56.0,58,54,54,52,58,49,47,54,72,110,303,300,207
15,142,77,55,44,41.0,49.0,53.0,46.0,50.0,52.0,50.0,44,48,50,49,43,39,39,41,48,45,91,100,88
16,50,44,38,35,35.0,36.0,36.0,36.0,47.0,51.0,55.0,57,58,64,68,67,61,67,85,80,71,66,71,79
17,61,55,44,38,36.0,34.0,36.0,39.0,47.0,48.0,50.0,55,59,59,69,67,67,73,82,97,92,90,74,72
18,74,64,50,53,53.0,49.0,47.0,50.0,64.0,77.0,77.0,64,64,64,67,64,58,66,67,77,89,90,86,73
19,66,57,52,50,55.0,54.0,62.0,71.0,83.0,82.0,77.0,73,69,59,61,64,61,64,65,89,92,93,80,72
20,72,72,60,66,66.0,68.0,70.0,73.0,86.0,78.0,72.0,57,55,52,53,54,56,58,72,87,100,100,102,99
21,100,95,74,65,74.0,64.0,58.0,64.0,81.0,74.0,49.0,49,42,44,53,61,61,69,90,117,120,123,108,104
22,106,86,64,68,62.0,65.0,62.0,64.0,69.0,73.0,80.0,65,63,62,61,56,58,58,64,81,96,93,87,88
23,83,70,60,57,51.0,55.0,62.0,71.0,69.0,66.0,81.0,77,76,69,65,63,57,58,61,81,112,113,86,67
24,67,72,67,54,58.0,60.0,69.0,66.0,76.0,86.0,84.0,80,84,85,74,71,77,86,96,104,112,111,113,122
25,114,112,121,99,96.0,95.0,95.0,103.0,104.0,132.0,119.0,96,89,78,74,72,60,54,54,55,53,52,49,42
26,36,37,45,45,44.0,43.0,42.0,39.0,41.0,45.0,40.0,40,36,32,40,47,34,31,31,33,36,35,38,43
27,36,35,39,38,41.0,43.0,39.0,39.0,36.0,37.0,36.0,38,43,43,44,48,44,42,44,40,42,39,49,54
28,44,40,40,41,49.0,53.0,43.0,38.0,39.0,40.0,58.0,70,52,66,69,130,58,60,85,113,120,112,100,79
29,60,50,49,49,43.0,47.0,50.0,52.0,61.0,64.0,58.0,58,60,46,47,57,51,54,55,54,73,61,29,30
30,29,27,26,27,27.0,29.0,27.0,37.0,52.0,60.0,64.0,61,62,62,56,54,51,53,58,62,72,80,68,71
"
"
December-2020,00:00:00,01:00:00,02:00:00,03:00:00,04:00:00,05:00:00,06:00:00,07:00:00,08:00:00,09:00:00,10:00:00,11:00:00,12:00:00,13:00:00,14:00:00,15:00:00,16:00:00,17:00:00,18:00:00,19:00:00,20:00:00,21:00:00,22:00:00,23:00:00
1,72.0,70.0,56.0,49.0,51.0,54.0,56.0,64.0,81.0,84.0,71.0,75.0,62.0,50.0,54.0,42.0,43.0,60.0,80.0,100.0,119.0,113.0,76.0,70.0
2,64.0,64.0,61.0,54.0,53.0,52.0,60.0,64.0,76.0,88.0,91.0,82.0,78.0,72.0,61.0,65.0,66.0,74.0,72.0,84.0,100.0,96.0,87.0,94.0
3,83.0,68.0,60.0,60.0,62.0,56.0,60.0,63.0,75.0,83.0,78.0,72.0,70.0,66.0,61.0,52.0,45.0,42.0,40.0,46.0,47.0,48.0,42.0,46.0
4,33.0,30.0,31.0,33.0,,30.0,24.0,32.0,34.0,37.0,44.0,53.0,54.0,48.0,50.0,57.0,57.0,50.0,47.0,52.0,54.0,48.0,46.0,45.0
5,39.0,28.0,27.0,32.0,29.0,29.0,24.0,31.0,31.0,31.0,34.0,43.0,40.0,38.0,39.0,34.0,34.0,37.0,46.0,44.0,45.0,50.0,54.0,54.0
6,56.0,45.0,40.0,49.0,48.0,58.0,59.0,58.0,64.0,73.0,76.0,74.0,65.0,72.0,53.0,46.0,40.0,39.0,45.0,50.0,54.0,49.0,48.0,52.0
7,42.0,30.0,24.0,24.0,23.0,22.0,28.0,34.0,45.0,49.0,51.0,62.0,53.0,45.0,54.0,59.0,62.0,62.0,66.0,65.0,63.0,61.0,62.0,62.0
8,55.0,36.0,27.0,22.0,22.0,23.0,25.0,41.0,41.0,43.0,41.0,43.0,48.0,54.0,48.0,43.0,52.0,59.0,67.0,84.0,101.0,95.0,90.0,62.0
9,67.0,49.0,44.0,40.0,33.0,24.0,32.0,44.0,61.0,68.0,68.0,73.0,67.0,70.0,74.0,78.0,80.0,84.0,84.0,76.0,68.0,69.0,74.0,80.0
10,81.0,77.0,72.0,74.0,69.0,66.0,65.0,76.0,100.0,106.0,108.0,85.0,79.0,63.0,58.0,50.0,56.0,74.0,83.0,100.0,125.0,118.0,110.0,102.0
11,95.0,86.0,81.0,74.0,77.0,85.0,91.0,87.0,99.0,110.0,128.0,133.0,113.0,92.0,62.0,55.0,52.0,64.0,83.0,110.0,155.0,158.0,146.0,110.0
12,107.0,103.0,98.0,90.0,91.0,94.0,94.0,107.0,143.0,116.0,111.0,120.0,,,,,,,,,,,,
13,,,,,,,,,,,,,,,,,,,,,,,,
14,,,,,,,,,,,,,113.0,101.0,99.0,86.0,75.0,74.0,90.0,121.0,159.0,182.0,175.0,151.0
15,115.0,104.0,98.0,95.0,90.0,93.0,81.0,93.0,102.0,113.0,152.0,132.0,105.0,101.0,90.0,84.0,83.0,86.0,100.0,108.0,124.0,120.0,122.0,120.0
16,114.0,,,,,,,,,,,,,,,,,,,,,,,
17,,,,,,,,,,,,,82.0,77.0,76.0,69.0,78.0,68.0,76.0,85.0,89.0,83.0,86.0,87.0
18,73.0,73.0,62.0,58.0,60.0,80.0,87.0,91.0,102.0,109.0,100.0,92.0,77.0,65.0,66.0,69.0,70.0,78.0,88.0,102.0,117.0,139.0,109.0,97.0
19,126.0,83.0,87.0,78.0,72.0,75.0,81.0,93.0,104.0,121.0,139.0,125.0,116.0,107.0,102.0,92.0,100.0,108.0,109.0,122.0,133.0,141.0,127.0,114.0
20,122.0,125.0,120.0,120.0,124.0,143.0,164.0,166.0,162.0,168.0,192.0,181.0,153.0,144.0,108.0,100.0,105.0,119.0,109.0,117.0,173.0,176.0,178.0,163.0
21,163.0,168.0,175.0,148.0,113.0,114.0,112.0,101.0,112.0,139.0,142.0,122.0,105.0,109.0,101.0,99.0,104.0,118.0,110.0,129.0,143.0,158.0,164.0,147.0
22,147.0,142.0,127.0,127.0,127.0,127.0,127.0,127.0,127.0,130.0,127.0,127.0,127.0,,,,,,,,,,,
23,,,,,,,,,,,,127.0,127.0,131.0,127.0,116.0,82.0,79.0,105.0,120.0,140.0,116.0,117.0,107.0
24,95.0,93.0,86.0,85.0,79.0,72.0,79.0,95.0,106.0,117.0,119.0,137.0,138.0,115.0,,,,115.0,66.0,111.0,124.0,149.0,123.0,111.0
25,109.0,107.0,109.0,100.0,113.0,83.0,95.0,98.0,123.0,153.0,137.0,173.0,119.0,123.0,,,,123.0,53.0,99.0,135.0,173.0,107.0,97.0
26,101.0,100.0,89.0,83.0,90.0,74.0,90.0,90.0,115.0,119.0,140.0,111.0,104.0,100.0,96.0,85.0,89.0,85.0,90.0,108.0,120.0,118.0,124.0,121.0
27,135.0,145.0,161.0,161.0,148.0,130.0,136.0,147.0,138.0,172.0,173.0,153.0,110.0,79.0,75.0,64.0,59.0,71.0,83.0,104.0,124.0,128.0,122.0,123.0
28,142.0,149.0,158.0,199.0,208.0,176.0,169.0,178.0,165.0,198.0,200.0,207.0,138.0,104.0,83.0,68.0,64.0,78.0,96.0,129.0,155.0,166.0,142.0,144.0
29,159.0,166.0,162.0,155.0,157.0,177.0,197.0,208.0,245.0,258.0,246.0,126.0,118.0,104.0,,,,93.0,106.0,109.0,117.0,113.0,113.0,116.0
30,112.0,140.0,170.0,170.0,136.0,117.0,95.0,89.0,103.0,117.0,132.0,120.0,112.0,90.0,78.0,68.0,71.0,78.0,98.0,96.0,84.0,83.0,76.0,77.0
31,83.0,74.0,71.0,67.0,59.0,65.0,64.0,68.0,92.0,73.0,86.0,96.0,91.0,81.0,79.0,85.0,75.0,79.0,94.0,100.0,113.0,126.0,112.0,109.0
"
"
Year,2021
January-2021,00:00:00,01:00:00,02:00:00,03:00:00,04:00:00,05:00:00,06:00:00,07:00:00,08:00:00,09:00:00,10:00:00,11:00:00,12:00:00,13:00:00,14:00:00,15:00:00,16:00:00,17:00:00,18:00:00,19:00:00,20:00:00,21:00:00,22:00:00,23:00:00
1,99.0,101.0,101.0,97.0,97.0,97.0,98.0,95.0,103.0,112.0,130.0,113.0,118.0,101.0,96.0,98.0,100,102,106,113.0,118.0,126.0,125.0,117.0
2,116.0,110.0,110.0,125.0,114.0,115.0,110.0,103.0,101.0,116.0,106.0,114.0,112.0,109.0,101.0,97.0,102,106,111,120.0,114.0,107.0,104.0,104.0
3,104.0,98.0,89.0,75.0,64.0,69.0,66.0,62.0,78.0,92.0,92.0,93.0,93.0,85.0,82.0,66.0,67,74,78,85.0,86.0,90.0,83.0,69.0
4,58.0,56.0,46.0,42.0,48.0,54.0,59.0,54.0,55.0,62.0,72.0,89.0,82.0,80.0,80.0,77.0,98,103,91,105.0,111.0,108.0,109.0,101.0
5,101.0,84.0,75.0,66.0,55.0,49.0,51.0,65.0,90.0,84.0,83.0,87.0,85.0,80.0,74.0,62.0,69,72,82,82.0,81.0,62.0,53.0,43.0
6,34.0,35.0,28.0,29.0,30.0,28.0,25.0,35.0,45.0,55.0,58.0,60.0,61.0,58.0,54.0,60.0,62,57,62,62.0,61.0,56.0,43.0,49.0
7,43.0,28.0,23.0,23.0,23.0,24.0,24.0,33.0,41.0,55.0,56.0,54.0,41.0,47.0,58.0,63.0,57,60,61,76.0,86.0,101.0,102.0,85.0
8,59.0,52.0,,43.0,41.0,43.0,50.0,56.0,67.0,78.0,92.0,83.0,75.0,65.0,68.0,58.0,52,57,77,80.0,85.0,,,
9,,,,,,,,,,,64.0,64.0,64.0,73.0,79.0,73.0,68,72,82,89.0,118.0,130.0,130.0,137.0
10,91.0,72.0,50.0,47.0,48.0,50.0,49.0,57.0,66.0,77.0,80.0,78.0,72.0,67.0,61.0,51.0,52,52,70,89.0,95.0,86.0,88.0,87.0
11,75.0,66.0,62.0,68.0,73.0,77.0,76.0,80.0,78.0,82.0,92.0,82.0,75.0,61.0,68.0,73.0,73,76,79,88.0,105.0,108.0,100.0,82.0
12,77.0,54.0,39.0,40.0,48.0,51.0,50.0,49.0,51.0,57.0,76.0,78.0,78.0,78.0,68.0,64.0,69,84,99,114.0,127.0,135.0,125.0,112.0
13,108.0,92.0,77.0,73.0,64.0,57.0,56.0,74.0,86.0,64.0,64.0,77.0,76.0,68.0,60.0,58.0,59,61,73,86.0,102.0,113.0,105.0,93.0
14,84.0,68.0,66.0,62.0,66.0,72.0,75.0,80.0,82.0,90.0,87.0,93.0,78.0,83.0,74.0,62.0,65,65,70,87.0,114.0,127.0,119.0,120.0
15,112.0,88.0,89.0,85.0,86.0,97.0,95.0,95.0,102.0,104.0,100.0,89.0,94.0,83.0,80.0,80.0,80,65,66,82.0,90.0,106.0,106.0,104.0
16,102.0,94.0,89.0,,,,,,,,116.0,123.0,117.0,107.0,110.0,94.0,82,69,84,105.0,116.0,115.0,108.0,107.0
17,98.0,84.0,83.0,82.0,80.0,86.0,98.0,96.0,95.0,91.0,87.0,88.0,96.0,94.0,84.0,69.0,71,74,74,92.0,112.0,105.0,105.0,94.0
18,86.0,69.0,57.0,56.0,57.0,57.0,62.0,71.0,82.0,93.0,91.0,100.0,,54.0,81.0,78.0,70,73,79,99.0,111.0,112.0,106.0,98.0
19,83.0,78.0,68.0,66.0,59.0,57.0,67.0,72.0,87.0,104.0,104.0,86.0,82.0,76.0,68.0,69.0,70,74,79,104.0,118.0,126.0,142.0,120.0
20,107.0,103.0,100.0,95.0,97.0,101.0,103.0,122.0,155.0,192.0,137.0,137.0,,137.0,90.0,87.0,82,85,91,,,10.0,113.0,112.0
21,111.0,104.0,94.0,91.0,101.0,104.0,106.0,109.0,125.0,129.0,118.0,103.0,70.0,75.0,70.0,62.0,65,76,84,116.0,173.0,124.0,112.0,104.0
22,102.0,107.0,107.0,72.0,72.0,73.0,73.0,84.0,106.0,112.0,106.0,91.0,,,,,78,90,91,93.0,134.0,152.0,117.0,105.0
23,105.0,108.0,103.0,102.0,104.0,102.0,107.0,114.0,132.0,134.0,,,,,,,109,90,94,112.0,132.0,129.0,110.0,
24,108.0,103.0,,94.0,84.0,76.0,,74.0,104.0,118.0,125.0,119.0,102.0,85.0,78.0,83.0,79,75,74,86.0,117.0,143.0,140.0,94.0
25,94.0,83.0,80.0,71.0,71.0,82.0,90.0,102.0,114.0,129.0,121.0,103.0,80.0,,80.0,80.0,80,80,85,93.0,117.0,125.0,122.0,115.0
26,108.0,98.0,85.0,83.0,77.0,68.0,72.0,92.0,102.0,126.0,122.0,116.0,95.0,82.0,68.0,58.0,52,55,60,95.0,128.0,131.0,113.0,109.0
27,104.0,95.0,85.0,75.0,74.0,80.0,83.0,104.0,128.0,177.0,175.0,122.0,106.0,85.0,86.0,91.0,69,74,84,108.0,124.0,122.0,140.0,160.0
28,133.0,138.0,119.0,125.0,149.0,142.0,137.0,163.0,175.0,143.0,123.0,110.0,105.0,96.0,96.0,83.0,84,95,102,111.0,123.0,123.0,125.0,122.0
29,119.0,122.0,140.0,115.0,118.0,98.0,101.0,109.0,126.0,138.0,167.0,118.0,110.0,102.0,93.0,93.0,98,103,119,125.0,130.0,139.0,129.0,135.0
30,142.0,149.0,141.0,122.0,118.0,111.0,106.0,124.0,151.0,136.0,138.0,124.0,112.0,102.0,45.0,,84,97,99,113.0,139.0,131.0,123.0,122.0
31,121.0,108.0,105.0,122.0,116.0,128.0,117.0,131.0,164.0,214.0,158.0,118.0,104.0,89.0,88.0,85.0,82,85,87,104.0,111.0,117.0,112.0,120.0
"
"
February-2021,00:00:00,01:00:00,02:00:00,03:00:00,04:00:00,05:00:00,06:00:00,07:00:00,08:00:00,09:00:00,10:00:00,11:00:00,12:00:00,13:00:00,14:00:00,15:00:00,16:00:00,17:00:00,18:00:00,19:00:00,20:00:00,21:00:00,22:00:00,23:00:00
1,120.0,96.0,82.0,68.0,66.0,66.0,74.0,82.0,90.0,106.0,118.0,127.0,103.0,71.0,69.0,76.0,76.0,82.0,80.0,100.0,113.0,117.0,112.0,90.0
2,86.0,87.0,84.0,80.0,81.0,84.0,87.0,88.0,98.0,109.0,120.0,115.0,106.0,96.0,89.0,82.0,84.0,88.0,93.0,110.0,119.0,118.0,117.0,112.0
3,110.0,108.0,118.0,124.0,111.0,107.0,131.0,110.0,120.0,112.0,122.0,116.0,112.0,104.0,100.0,94.0,96.0,92.0,98.0,114.0,123.0,113.0,107.0,102.0
4,98.0,89.0,77.0,78.0,74.0,73.0,82.0,99.0,122.0,129.0,121.0,112.0,97.0,,,,,,,,,,,
5,,,,,,,,,,,,,,,87.0,79.0,68.0,64.0,67.0,84.0,117.0,148.0,132.0,123.0
6,122.0,110.0,102.0,95.0,92.0,88.0,87.0,103.0,114.0,129.0,134.0,123.0,118.0,104.0,98.0,89.0,87.0,95.0,97.0,110.0,132.0,148.0,150.0,124.0
7,113.0,106.0,101.0,96.0,97.0,88.0,96.0,91.0,,,,,,,77.0,76.0,76.0,78.0,79.0,99.0,127.0,146.0,132.0,122.0
8,111.0,101.0,90.0,85.0,87.0,78.0,82.0,92.0,106.0,111.0,122.0,121.0,109.0,103.0,105.0,102.0,105.0,113.0,146.0,180.0,161.0,161.0,129.0,115.0
9,101.0,96.0,90.0,86.0,87.0,83.0,88.0,98.0,112.0,125.0,117.0,109.0,105.0,101.0,103.0,99.0,99.0,96.0,98.0,110.0,126.0,137.0,130.0,
10,109.0,107.0,95.0,90.0,85.0,94.0,100.0,110.0,,131.0,139.0,122.0,102.0,87.0,85.0,76.0,77.0,81.0,78.0,115.0,149.0,162.0,137.0,123.0
11,110.0,111.0,107.0,107.0,108.0,98.0,104.0,118.0,187.0,185.0,204.0,171.0,129.0,109.0,101.0,82.0,89.0,85.0,86.0,114.0,140.0,140.0,122.0,114.0
12,110.0,106.0,96.0,98.0,106.0,128.0,114.0,116.0,118.0,134.0,132.0,121.0,109.0,82.0,75.0,68.0,62.0,68.0,78.0,111.0,154.0,180.0,121.0,114.0
13,108.0,104.0,89.0,93.0,91.0,,,,,,,,,,,,,,,,,,,
14,,,,,,,,,,,,,,,,,,,,,,,,
15,,,,,,,,,,,,,,,,,,,,,,,,
16,,,,,,,,,,,,,,,,,,,,,,,,
17,,,,,,,,,,,,,,,,,,,,,,,,
18,,,,,,,,,,,,64.0,63.0,91.0,93.0,99.0,100.0,102.0,110.0,120.0,126.0,129.0,129.0,121.0
19,109.0,109.0,113.0,101.0,79.0,78.0,82.0,90.0,112.0,113.0,110.0,102.0,100.0,96.0,96.0,92.0,91.0,92.0,99.0,88.0,47.0,56.0,68.0,83.0
20,73.0,50.0,58.0,57.0,42.0,38.0,28.0,34.0,46.0,62.0,68.0,79.0,74.0,70.0,70.0,72.0,67.0,70.0,65.0,61.0,66.0,61.0,52.0,56.0
21,56.0,46.0,39.0,39.0,35.0,26.0,25.0,31.0,45.0,50.0,47.0,43.0,47.0,45.0,47.0,42.0,46.0,48.0,64.0,67.0,74.0,69.0,66.0,61.0
22,54.0,40.0,32.0,32.0,26.0,25.0,29.0,43.0,53.0,59.0,59.0,60.0,57.0,51.0,49.0,43.0,44.0,53.0,62.0,77.0,87.0,90.0,86.0,68.0
23,55.0,50.0,52.0,54.0,48.0,47.0,57.0,68.0,94.0,106.0,116.0,93.0,73.0,52.0,44.0,41.0,41.0,45.0,62.0,89.0,112.0,141.0,124.0,104.0
24,89.0,84.0,82.0,75.0,68.0,72.0,88.0,88.0,98.0,107.0,117.0,116.0,110.0,98.0,79.0,77.0,66.0,57.0,65.0,106.0,136.0,169.0,141.0,109.0
25,105.0,98.0,92.0,105.0,101.0,103.0,113.0,117.0,180.0,157.0,132.0,147.0,123.0,80.0,77.0,70.0,58.0,66.0,64.0,73.0,116.0,144.0,125.0,117.0
26,131.0,106.0,94.0,88.0,85.0,90.0,94.0,96.0,109.0,170.0,133.0,104.0,105.0,109.0,91.0,73.0,67.0,51.0,51.0,69.0,84.0,133.0,133.0,135.0
27,128.0,113.0,103.0,92.0,,90.0,92.0,101.0,,,,114.0,115.0,103.0,101.0,89.0,73.0,74.0,83.0,100.0,125.0,135.0,151.0,131.0
28,109.0,94.0,87.0,68.0,71.0,94.0,105.0,105.0,134.0,145.0,124.0,105.0,95.0,98.0,105.0,78.0,69.0,60.0,66.0,93.0,109.0,107.0,94.0,
"
"
March-2021,00:00:00,01:00:00,02:00:00,03:00:00,04:00:00,05:00:00,06:00:00,07:00:00,08:00:00,09:00:00,10:00:00,11:00:00,12:00:00,13:00:00,14:00:00,15:00:00,16:00:00,17:00:00,18:00:00,19:00:00,20:00:00,21:00:00,22:00:00,23:00:00
1,,,,,,,,,,112.0,113.0,79.0,87.0,74.0,67.0,70.0,58.0,64.0,78.0,110.0,134.0,167.0,177.0,100.0
2,100.0,87.0,76.0,77.0,83.0,92.0,93.0,103.0,133.0,132.0,111.0,94.0,103.0,97.0,85.0,89.0,79.0,66.0,76.0,90.0,127.0,136.0,124.0,111.0
3,109.0,108.0,109.0,101.0,93.0,96.0,92.0,103.0,113.0,157.0,207.0,160.0,104.0,106.0,85.0,73.0,77.0,80.0,88.0,101.0,115.0,130.0,113.0,110.0
4,103.0,90.0,77.0,86.0,80.0,80.0,93.0,115.0,119.0,156.0,128.0,105.0,94.0,90.0,84.0,72.0,60.0,64.0,74.0,97.0,105.0,108.0,97.0,91.0
5,82.0,80.0,64.0,69.0,75.0,66.0,66.0,64.0,98.0,106.0,110.0,86.0,70.0,54.0,40.0,42.0,42.0,52.0,57.0,103.0,116.0,131.0,125.0,90.0
6,71.0,70.0,55.0,53.0,67.0,59.0,52.0,48.0,66.0,113.0,140.0,105.0,61.0,49.0,49.0,37.0,41.0,39.0,57.0,94.0,118.0,133.0,126.0,109.0
7,101.0,72.0,70.0,65.0,82.0,88.0,78.0,86.0,97.0,101.0,85.0,77.0,74.0,75.0,80.0,69.0,62.0,68.0,72.0,88.0,113.0,131.0,94.0,94.0
8,83.0,77.0,55.0,46.0,41.0,68.0,59.0,60.0,73.0,111.0,66.0,66.0,63.0,51.0,56.0,55.0,49.0,51.0,83.0,90.0,108.0,21.0,87.0,
9,,,,,,,,,,,,,,,,,,,,,,,,
10,,,,,,,,,,,,,,,39.0,37.0,38.0,39.0,49.0,82.0,99.0,114.0,100.0,63.0
11,56.0,,,,,,,,,,,,,,,,,,,,,,,
12,,,,,,,,,,,,,,66.0,53.0,53.0,53.0,70.0,81.0,102.0,123.0,122.0,99.0,98.0
13,86.0,69.0,55.0,46.0,44.0,34.0,38.0,46.0,72.0,100.0,101.0,93.0,72.0,74.0,48.0,62.0,57.0,60.0,60.0,75.0,101.0,109.0,100.0,91.0
14,74.0,64.0,55.0,51.0,45.0,47.0,50.0,55.0,125.0,83.0,87.0,83.0,76.0,49.0,46.0,89.0,45.0,53.0,62.0,77.0,89.0,88.0,69.0,65.0
15,68.0,61.0,42.0,42.0,40.0,41.0,41.0,52.0,66.0,96.0,88.0,78.0,65.0,56.0,51.0,48.0,50.0,56.0,79.0,93.0,116.0,129.0,115.0,86.0
16,78.0,74.0,72.0,80.0,70.0,64.0,63.0,72.0,85.0,94.0,92.0,75.0,81.0,73.0,62.0,54.0,52.0,50.0,62.0,111.0,130.0,128.0,107.0,97.0
17,81.0,77.0,73.0,72.0,74.0,73.0,67.0,74.0,93.0,102.0,106.0,95.0,79.0,69.0,64.0,69.0,64.0,70.0,77.0,111.0,131.0,131.0,,116.0
18,111.0,99.0,84.0,77.0,72.0,73.0,78.0,101.0,124.0,121.0,115.0,119.0,110.0,106.0,105.0,94.0,89.0,87.0,97.0,107.0,123.0,126.0,121.0,116.0
19,107.0,111.0,115.0,112.0,108.0,109.0,112.0,104.0,108.0,121.0,119.0,121.0,116.0,105.0,94.0,81.0,86.0,87.0,87.0,109.0,136.0,132.0,115.0,99.0
20,88.0,81.0,79.0,81.0,84.0,81.0,92.0,111.0,134.0,116.0,107.0,86.0,79.0,76.0,67.0,65.0,68.0,79.0,80.0,105.0,122.0,134.0,140.0,107.0
21,97.0,86.0,78.0,72.0,81.0,88.0,94.0,98.0,105.0,115.0,96.0,101.0,99.0,92.0,84.0,72.0,76.0,72.0,81.0,95.0,114.0,126.0,124.0,119.0
22,115.0,104.0,88.0,86.0,91.0,95.0,98.0,98.0,121.0,157.0,157.0,147.0,114.0,104.0,96.0,84.0,74.0,106.0,105.0,107.0,150.0,157.0,120.0,103.0
23,95.0,94.0,95.0,75.0,81.0,80.0,92.0,91.0,121.0,111.0,117.0,107.0,93.0,84.0,60.0,52.0,57.0,65.0,71.0,,,,,
24,,,,,,,,,71.0,62.0,132.0,109.0,109.0,65.0,69.0,69.0,60.0,70.0,74.0,89.0,103.0,106.0,115.0,103.0
25,90.0,90.0,84.0,82.0,80.0,77.0,89.0,101.0,128.0,124.0,133.0,109.0,89.0,60.0,58.0,53.0,56.0,63.0,73.0,77.0,102.0,113.0,109.0,109.0
26,111.0,103.0,102.0,101.0,104.0,105.0,109.0,133.0,147.0,163.0,203.0,146.0,122.0,108.0,103.0,94.0,93.0,94.0,127.0,105.0,135.0,153.0,143.0,125.0
27,117.0,115.0,108.0,92.0,92.0,80.0,77.0,93.0,109.0,113.0,114.0,131.0,120.0,114.0,111.0,113.0,109.0,110.0,122.0,153.0,133.0,135.0,157.0,163.0
28,160.0,127.0,105.0,96.0,110.0,90.0,113.0,133.0,137.0,140.0,140.0,111.0,123.0,150.0,113.0,107.0,106.0,99.0,103.0,108.0,123.0,167.0,193.0,187.0
29,133.0,111.0,95.0,92.0,91.0,96.0,105.0,113.0,101.0,114.0,111.0,106.0,115.0,111.0,118.0,111.0,101.0,117.0,103.0,109.0,153.0,167.0,145.0,133.0
30,123.0,103.0,83.0,79.0,83.0,75.0,73.0,78.0,78.0,93.0,94.0,94.0,88.0,93.0,90.0,88.0,92.0,101.0,100.0,111.0,116.0,129.0,129.0,157.0
31,165.0,183.0,170.0,173.0,137.0,115.0,110.0,111.0,173.0,117.0,121.0,137.0,107.0,86.0,89.0,88.0,96.0,92.0,89.0,105.0,112.0,120.0,128.0,121.0
"
"
April-2021,00:00:00,01:00:00,02:00:00,03:00:00,04:00:00,05:00:00,06:00:00,07:00:00,08:00:00,09:00:00,10:00:00,11:00:00,12:00:00,13:00:00,14:00:00,15:00:00,16:00:00,17:00:00,18:00:00,19:00:00,20:00:00,21:00:00,22:00:00,23:00:00
1,112,125,103.0,103.0,98.0,103.0,98.0,101.0,102.0,112.0,106.0,90.0,72.0,72,64,55,62,63.0,56.0,63.0,82,127,135,133
2,105,68,61.0,62.0,64.0,60.0,64.0,85.0,125.0,84.0,81.0,76.0,76.0,63,67,71,72,73.0,74.0,78.0,111,158,123,123
3,136,151,122.0,90.0,86.0,86.0,84.0,88.0,103.0,104.0,114.0,127.0,122.0,119,113,87,82,90.0,101.0,109.0,148,137,166,154
4,122,113,115.0,121.0,119.0,115.0,116.0,119.0,125.0,126.0,121.0,122.0,118.0,107,103,108,96,,,,100,116,110,119
5,133,135,,,,,,,,,,,70.0,123,123,44,117,119.0,121.0,309.0,148,143,125,122
6,131,124,133.0,125.0,132.0,127.0,130.0,128.0,183.0,147.0,137.0,137.0,156.0,129,117,115,111,111.0,114.0,118.0,131,128,118,111
7,107,101,105.0,98.0,94.0,91.0,88.0,105.0,119.0,119.0,116.0,113.0,119.0,115,110,113,111,103.0,97.0,108.0,117,130,124,126
8,140,170,127.0,163.0,130.0,103.0,91.0,101.0,147.0,121.0,118.0,131.0,115.0,113,105,101,101,137.0,109.0,111.0,132,141,147,147
9,138,117,103.0,103.0,103.0,94.0,83.0,101.0,103.0,118.0,120.0,123.0,118.0,122,113,109,104,105.0,110.0,113.0,131,128,135,121
10,112,107,101.0,107.0,115.0,109.0,114.0,121.0,167.0,131.0,138.0,125.0,122.0,123,101,100,104,98.0,98.0,104.0,111,114,111,108
11,107,89,81.0,84.0,73.0,57.0,55.0,57.0,97.0,101.0,110.0,108.0,100.0,90,76,72,52,49.0,57.0,63.0,74,96,111,108
12,79,69,56.0,53.0,52.0,48.0,54.0,50.0,65.0,66.0,69.0,70.0,74.0,72,70,59,45,64.0,64.0,70.0,80,329,101,76
13,54,51,43.0,44.0,49.0,52.0,57.0,61.0,71.0,79.0,71.0,62.0,62.0,48,44,38,35,33.0,43.0,52.0,70,94,103,103
14,91,71,58.0,50.0,48.0,40.0,30.0,30.0,45.0,56.0,68.0,59.0,67.0,60,57,59,52,49.0,54.0,55.0,59,53,52,46
15,42,40,41.0,44.0,33.0,26.0,24.0,26.0,37.0,44.0,42.0,38.0,41.0,44,46,43,43,40.0,37.0,52.0,62,50,58,40
16,33,32,28.0,27.0,31.0,28.0,27.0,30.0,52.0,55.0,52.0,47.0,41.0,49,49,42,45,41.0,40.0,84.0,101,117,137,109
17,80,64,63.0,46.0,33.0,30.0,30.0,29.0,56.0,48.0,68.0,65.0,67.0,53,57,70,67,73.0,64.0,79.0,99,107,113,117
18,81,69,64.0,70.0,61.0,66.0,60.0,55.0,63.0,72.0,76.0,77.0,71.0,76,77,73,78,78.0,79.0,85.0,102,108,119,123
19,54,53,42.0,49.0,44.0,49.0,54.0,51.0,50.0,56.0,52.0,55.0,53.0,51,50,46,45,52.0,57.0,92.0,130,115,163,97
20,60,177,43.0,60.0,131.0,52.0,57.0,45.0,68.0,204.0,37.0,45.0,62.0,45,48,48,75,65.0,77.0,87.0,62,69,84,93
21,72,62,62.0,55.0,60.0,68.0,58.0,63.0,58.0,80.0,85.0,70.0,105.0,81,101,105,107,129.0,129.0,123.0,133,143,133,109
22,113,72,63.0,,,,,,,,155.0,147.0,153.0,125,109,119,78,,33.0,57.0,79,88,43,33
23,34,34,31.0,30.0,30.0,27.0,24.0,29.0,30.0,30.0,31.0,35.0,44.0,42,45,45,44,60.0,47.0,62.0,63,31,50,37
24,29,32,33.0,32.0,31.0,32.0,29.0,31.0,38.0,61.0,53.0,65.0,93.0,103,59,51,56,53.0,62.0,46.0,43,61,58,31
25,42,49,53.0,54.0,57.0,67.0,74.0,78.0,91.0,95.0,107.0,109.0,98.0,95,76,76,75,67.0,74.0,77.0,83,103,107,86
26,90,85,85.0,84.0,97.0,110.0,88.0,90.0,99.0,96.0,100.0,102.0,94.0,95,103,84,76,75.0,90.0,101.0,108,123,143,129
27,108,94,82.0,80.0,87.0,88.0,81.0,76.0,78.0,75.0,84.0,90.0,97.0,95,98,101,101,101.0,106.0,108.0,119,138,171,149
28,124,111,103.0,94.0,90.0,96.0,94.0,100.0,110.0,110.0,103.0,94.0,92.0,107,130,101,96,94.0,96.0,107.0,112,128,104,90
29,105,107,102.0,96.0,90.0,91.0,82.0,77.0,83.0,79.0,86.0,91.0,,81,89,94,92,89.0,87.0,103.0,104,94,86,73
30,78,53,37.0,36.0,35.0,30.0,40.0,45.0,63.0,92.0,91.0,103.0,108.0,104,101,101,95,99.0,98.0,107.0,123,98,100,77
"
"
May-2021,00:00:00,01:00:00,02:00:00,03:00:00,04:00:00,05:00:00,06:00:00,07:00:00,08:00:00,09:00:00,10:00:00,11:00:00,12:00:00,13:00:00,14:00:00,15:00:00,16:00:00,17:00:00,18:00:00,19:00:00,20:00:00,21:00:00,22:00:00,23:00:00
1,65,87,93,90,85,65,65.0,70.0,71.0,77.0,81,94.0,96,92,94,86,89,77,90,97,94.0,89,90,86
2,74,54,38,27,28,38,41.0,48.0,64.0,80.0,77,62.0,65,82,58,49,38,35,35,36,37.0,42,60,42
3,57,25,24,24,23,22,22.0,21.0,25.0,33.0,45,35.0,33,36,39,34,32,33,32,40,45.0,44,53,45
4,50,41,33,27,28,23,27.0,32.0,57.0,47.0,49,51.0,43,46,50,50,49,35,26,53,45.0,58,47,48
5,38,37,41,43,45,41,53.0,53.0,59.0,68.0,68,68.0,65,66,63,49,53,51,59,64,59.0,60,50,40
6,55,50,43,32,33,33,31.0,42.0,50.0,43.0,36,66.0,42,53,52,66,55,49,46,51,59.0,72,71,56
7,50,52,34,22,22,20,20.0,23.0,37.0,30.0,39,35.0,33,40,40,60,33,43,41,50,50.0,67,69,24
8,24,23,22,23,23,27,24.0,22.0,51.0,34.0,54,51.0,56,50,47,38,36,30,42,50,46.0,50,50,53
9,24,24,24,24,24,23,22.0,22.0,37.0,42.0,41,43.0,43,41,33,31,30,30,29,37,41.0,45,51,59
10,57,27,26,25,24,24,33.0,29.0,26.0,26.0,33,,41,34,38,41,41,41,35,37,28.0,42,37,46
11,55,53,27,26,28,25,,,,,36,35.0,38,35,40,39,38,36,31,28,41.0,44,34,30
12,29,30,29,27,27,25,25.0,31.0,36.0,32.0,37,37.0,39,55,44,40,44,47,48,48,33.0,33,39,25
13,37,24,25,25,24,23,22.0,22.0,23.0,26.0,30,31.0,35,35,33,34,35,36,36,36,40.0,32,32,27
14,28,28,27,24,25,23,24.0,23.0,30.0,32.0,30,31.0,28,28,28,28,29,29,30,29,28.0,27,26,25
15,25,25,24,24,24,24,23.0,23.0,23.0,23.0,24,24.0,25,25,25,25,25,25,24,24,24.0,24,24,25
16,25,24,25,25,26,25,25.0,23.0,23.0,24.0,26,25.0,25,26,26,26,25,26,25,25,24.0,24,24,23
17,23,23,23,23,23,23,22.0,22.0,25.0,24.0,25,27.0,29,29,30,31,31,29,33,27,26.0,24,23,23
18,23,23,22,22,22,22,22.0,22.0,24.0,24.0,24,26.0,29,28,28,30,27,26,24,26,25.0,24,23,23
19,23,22,22,22,23,22,22.0,22.0,22.0,23.0,24,33.0,28,28,29,28,28,29,28,27,24.0,23,24,24
20,24,23,23,23,23,22,22.0,22.0,42.0,31.0,31,23.0,24,25,26,26,26,26,27,19,,22,21,21
21,21,20,20,21,21,21,21.0,20.0,21.0,21.0,22,23.0,23,23,29,22,24,24,24,22,25.0,24,26,20
22,20,20,21,21,21,21,21.0,21.0,21.0,21.0,23,25.0,28,30,30,31,31,30,36,24,24.0,27,27,26
23,26,25,26,25,24,23,23.0,23.0,24.0,26.0,26,26.0,28,34,30,30,30,28,29,32,27.0,26,35,38
24,47,35,26,41,41,32,35.0,41.0,56.0,71.0,74,29.0,50,30,30,32,44,62,32,28,27.0,80,41,29
25,26,26,32,26,24,23,32.0,23.0,29.0,53.0,47,47.0,35,71,44,50,74,38,53,41,38.0,62,27,47
26,29,24,26,47,29,41,32.0,23.0,38.0,47.0,35,26.0,59,50,44,56,65,47,50,56,29.0,47,53,44
27,26,44,59,35,24,24,23.0,23.0,23.0,38.0,35,53.0,28,28,53,56,44,29,32,65,53.0,68,53,35
28,32,44,41,47,35,23,44.0,26.0,44.0,50.0,32,62.0,47,30,29,35,35,35,28,44,38.0,53,86,32
29,41,23,24,26,23,26,22.0,22.0,22.0,42.0,36,,34,33,44,29,47,44,38,29,26.0,38,38,26
30,24,24,23,23,24,23,22.0,22.0,22.0,23.0,26,26.0,27,28,28,28,28,28,27,27,29.0,24,24,26
31,23,23,23,26,23,22,22.0,22.0,23.0,23.0,24,29.0,27,29,27,27,26,27,27,27,25.0,24,23,23
"
"
June-2021,00:00:00,01:00:00,02:00:00,03:00:00,04:00:00,05:00:00,06:00:00,07:00:00,08:00:00,09:00:00,10:00:00,11:00:00,12:00:00,13:00:00,14:00:00,15:00:00,16:00:00,17:00:00,18:00:00,19:00:00,20:00:00,21:00:00,22:00:00,23:00:00
1,23.0,23.0,23.0,22.0,23.0,21.0,29.0,26.0,44.0,29.0,38.0,29.0,27.0,28.0,28.0,28.0,27.0,27.0,26.0,26.0,25.0,24.0,24.0,23.0
2,32.0,21.0,23.0,29.0,21.0,21.0,21.0,21.0,21.0,22.0,25.0,27.0,30.0,31.0,30.0,33.0,30.0,28.0,27.0,27.0,26.0,23.0,25.0,24.0
3,22.0,22.0,22.0,22.0,24.0,23.0,23.0,23.0,23.0,24.0,26.0,27.0,29.0,32.0,40.0,47.0,45.0,37.0,29.0,33.0,45.0,61.0,43.0,25.0
4,27.0,,,,,,,,,,,,38.0,33.0,35.0,36.0,34.0,31.0,30.0,,,23.0,23.0,22.0
5,,,20.0,20.0,20.0,19.0,19.0,19.0,19.0,25.0,24.0,42.0,33.0,24.0,25.0,26.0,,,,,,,,
6,,,,,,,,,,,,,,,,,,,,,,,,
7,,,,,,,,,,41.0,40.0,42.0,42.0,34.0,33.0,35.0,32.0,33.0,32.0,36.0,37.0,43.0,50.0,52.0
8,42.0,43.0,42.0,41.0,37.0,42.0,39.0,42.0,46.0,54.0,51.0,52.0,54.0,56.0,50.0,42.0,42.0,51.0,50.0,49.0,44.0,51.0,44.0,39.0
9,34.0,30.0,32.0,30.0,30.0,33.0,33.0,33.0,30.0,43.0,38.0,33.0,26.0,27.0,26.0,26.0,26.0,29.0,32.0,33.0,28.0,21.0,22.0,23.0
10,27.0,24.0,22.0,24.0,22.0,24.0,24.0,24.0,29.0,40.0,26.0,30.0,29.0,32.0,32.0,33.0,34.0,31.0,28.0,25.0,27.0,33.0,32.0,29.0
11,30.0,23.0,25.0,25.0,24.0,26.0,27.0,29.0,37.0,47.0,33.0,42.0,33.0,34.0,34.0,32.0,33.0,36.0,44.0,35.0,43.0,35.0,37.0,22.0
12,22.0,22.0,23.0,,,,,,,,,33.0,34.0,33.0,29.0,29.0,23.0,23.0,23.0,23.0,23.0,24.0,23.0,24.0
13,24.0,24.0,24.0,24.0,24.0,23.0,23.0,22.0,21.0,25.0,28.0,28.0,32.0,26.0,31.0,34.0,23.0,23.0,23.0,23.0,27.0,25.0,22.0,22.0
14,24.0,23.0,23.0,23.0,23.0,22.0,22.0,22.0,24.0,24.0,30.0,,24.0,33.0,34.0,27.0,23.0,24.0,25.0,24.0,24.0,26.0,23.0,25.0
15,23.0,23.0,22.0,22.0,22.0,25.0,33.0,28.0,32.0,37.0,43.0,54.0,48.0,51.0,50.0,46.0,44.0,58.0,48.0,51.0,44.0,40.0,42.0,44.0
16,45.0,41.0,42.0,35.0,31.0,41.0,37.0,39.0,37.0,52.0,46.0,71.0,73.0,67.0,71.0,66.0,51.0,67.0,38.0,36.0,44.0,42.0,42.0,51.0
17,55.0,56.0,47.0,41.0,42.0,40.0,37.0,39.0,45.0,45.0,44.0,60.0,63.0,61.0,89.0,79.0,87.0,96.0,67.0,85.0,77.0,55.0,48.0,43.0
18,50.0,48.0,45.0,48.0,48.0,46.0,51.0,49.0,46.0,48.0,53.0,78.0,95.0,98.0,82.0,102.0,90.0,76.0,76.0,23.0,75.0,78.0,65.0,61.0
19,51.0,42.0,45.0,41.0,43.0,38.0,43.0,44.0,42.0,58.0,78.0,79.0,96.0,105.0,115.0,60.0,47.0,94.0,56.0,72.0,94.0,89.0,78.0,69.0
20,75.0,68.0,62.0,52.0,46.0,46.0,48.0,53.0,57.0,65.0,66.0,66.0,70.0,78.0,95.0,83.0,80.0,72.0,51.0,57.0,55.0,61.0,66.0,51.0
21,52.0,61.0,59.0,58.0,56.0,53.0,42.0,44.0,50.0,52.0,51.0,49.0,43.0,51.0,59.0,45.0,42.0,40.0,49.0,58.0,65.0,49.0,26.0,25.0
22,33.0,34.0,,,,,,,,,,,90.0,93.0,98.0,101.0,94.0,92.0,26.0,24.0,23.0,25.0,34.0,32.0
23,27.0,23.0,23.0,22.0,22.0,22.0,21.0,21.0,21.0,22.0,102.0,87.0,86.0,85.0,79.0,80.0,78.0,,,80.0,79.0,81.0,58.0,49.0
24,55.0,46.0,41.0,51.0,52.0,53.0,49.0,52.0,55.0,66.0,71.0,83.0,96.0,94.0,99.0,94.0,91.0,90.0,84.0,79.0,62.0,53.0,70.0,80.0
25,77.0,82.0,74.0,79.0,81.0,85.0,79.0,77.0,85.0,88.0,96.0,88.0,90.0,88.0,82.0,84.0,80.0,82.0,90.0,94.0,96.0,75.0,52.0,58.0
26,64.0,62.0,23.0,22.0,22.0,22.0,21.0,,21.0,22.0,30.0,25.0,,57.0,57.0,46.0,47.0,,49.0,38.0,23.0,22.0,22.0,
27,22.0,22.0,22.0,22.0,22.0,22.0,26.0,23.0,30.0,36.0,41.0,39.0,42.0,39.0,32.0,28.0,26.0,25.0,25.0,24.0,38.0,45.0,32.0,22.0
28,22.0,25.0,24.0,24.0,26.0,28.0,30.0,32.0,37.0,48.0,50.0,47.0,52.0,53.0,50.0,53.0,54.0,51.0,46.0,53.0,55.0,60.0,77.0,93.0
29,101.0,68.0,42.0,39.0,,32.0,26.0,24.0,28.0,36.0,34.0,32.0,45.0,88.0,71.0,61.0,46.0,31.0,31.0,30.0,28.0,46.0,33.0,26.0
30,25.0,,,,,,,,,,,41.0,49.0,43.0,49.0,49.0,51.0,38.0,40.0,42.0,41.0,49.0,58.0,72.0
"
"
July-2021,00:00:00,01:00:00,02:00:00,03:00:00,04:00:00,05:00:00,06:00:00,07:00:00,08:00:00,09:00:00,10:00:00,11:00:00,12:00:00,13:00:00,14:00:00,15:00:00,16:00:00,17:00:00,18:00:00,19:00:00,20:00:00,21:00:00,22:00:00,23:00:00
1,55,32,27.0,27.0,23.0,23.0,24.0,24.0,27.0,35.0,29,37,38,35,41,43,48,45,40,47,53,76,73,39
2,35,33,,,,,,,,,24,26,27,28,31,27,27,27,26,24,26,24,23,26
3,31,31,34.0,32.0,35.0,30.0,28.0,31.0,35.0,42.0,42,32,27,27,27,27,27,28,28,28,36,38,37,27
4,25,24,24.0,23.0,24.0,23.0,22.0,22.0,28.0,29.0,24,25,26,27,27,27,28,28,28,32,32,25,24,24
5,23,23,24.0,23.0,23.0,22.0,21.0,20.0,23.0,22.0,23,25,24,25,26,27,27,27,28,27,25,41,51,41
6,36,36,33.0,29.0,26.0,26.0,24.0,22.0,21.0,22.0,30,33,40,46,42,41,42,37,41,37,42,51,86,94
7,82,66,46.0,27.0,26.0,26.0,25.0,24.0,24.0,30.0,40,45,44,34,34,33,37,45,47,53,53,54,42,30
8,24,25,24.0,24.0,25.0,23.0,22.0,24.0,30.0,39.0,35,33,33,31,32,40,38,35,34,40,35,42,57,62
9,34,25,22.0,22.0,22.0,22.0,22.0,21.0,24.0,31.0,35,39,43,44,38,34,36,37,35,44,42,44,44,32
10,33,28,26.0,24.0,24.0,26.0,26.0,28.0,30.0,29.0,32,30,28,30,34,33,28,29,31,34,34,32,26,24
11,26,30,27.0,26.0,27.0,31.0,32.0,34.0,34.0,31.0,38,40,36,39,41,42,43,40,38,36,40,38,40,46
12,40,33,28.0,27.0,28.0,33.0,30.0,32.0,36.0,44.0,50,54,52,56,50,42,44,55,61,52,59,49,50,43
13,45,43,42.0,36.0,44.0,38.0,33.0,36.0,46.0,45.0,46,37,22,26,25,25,23,36,29,29,26,23,25,70
14,68,23,36.0,21.0,22.0,21.0,21.0,32.0,34.0,38.0,21,22,20,55,30,32,53,22,26,39,49,28,35,24
15,25,22,20.0,20.0,21.0,16.0,42.0,36.0,36.0,34.0,36,22,20,24,22,22,22,23,21,21,19,49,44,26
16,27,23,24.0,21.0,22.0,20.0,20.0,23.0,26.0,25.0,27,27,24,24,25,24,25,46,20,25,28,23,24,21
17,22,23,24.0,24.0,26.0,21.0,30.0,20.0,23.0,30.0,27,31,33,38,34,29,26,24,23,33,41,24,23,25
18,23,35,32.0,30.0,27.0,21.0,29.0,25.0,22.0,25.0,32,33,27,19,22,24,23,22,22,32,64,47,38,22
19,27,30,27.0,34.0,27.0,23.0,38.0,41.0,34.0,26.0,29,27,26,30,38,31,26,27,29,26,22,30,41,57
20,37,27,25.0,26.0,30.0,29.0,31.0,35.0,41.0,38.0,41,43,42,46,48,53,56,42,43,36,37,34,40,46
21,48,32,25.0,24.0,31.0,29.0,31.0,32.0,23.0,23.0,42,42,45,52,60,48,30,32,28,24,30,36,38,37
22,44,35,31.0,27.0,28.0,22.0,24.0,38.0,38.0,30.0,28,29,37,45,41,34,33,25,26,26,32,29,35,38
23,32,26,22.0,29.0,29.0,37.0,35.0,38.0,44.0,46.0,32,30,37,34,29,24,29,30,31,32,32,37,39,34
24,34,38,36.0,30.0,30.0,32.0,34.0,42.0,42.0,43.0,48,42,42,40,43,42,50,35,28,26,28,28,35,26
25,28,32,23.0,20.0,20.0,26.0,34.0,32.0,35.0,40.0,32,34,32,32,37,41,48,49,58,27,22,24,30,33
26,35,26,25.0,24.0,21.0,22.0,29.0,31.0,30.0,33.0,35,29,26,23,24,30,28,28,34,34,39,44,41,50
27,52,46,36.0,38.0,28.0,30.0,34.0,38.0,38.0,40.0,38,38,32,36,30,29,36,34,38,39,34,40,38,41
28,36,30,37.0,28.0,29.0,26.0,28.0,30.0,33.0,41.0,42,35,32,36,25,25,27,25,27,27,23,24,25,27
29,28,30,29.0,25.0,26.0,22.0,38.0,21.0,26.0,33.0,58,58,53,38,36,35,40,50,39,42,39,54,53,39
30,32,33,34.0,32.0,30.0,24.0,28.0,32.0,37.0,40.0,77,46,44,40,38,38,38,37,38,35,50,36,36,43
31,38,39,30.0,32.0,30.0,27.0,28.0,29.0,36.0,46.0,43,39,38,33,33,34,34,39,32,40,43,42,49,44
"
"
August-2021,00:00:00,01:00:00,02:00:00,03:00:00,04:00:00,05:00:00,06:00:00,07:00:00,08:00:00,09:00:00,10:00:00,11:00:00,12:00:00,13:00:00,14:00:00,15:00:00,16:00:00,17:00:00,18:00:00,19:00:00,20:00:00,21:00:00,22:00:00,23:00:00
1,38.0,36.0,30.0,24.0,24.0,22.0,33.0,24.0,28.0,35.0,36.0,38.0,39.0,32.0,34.0,35.0,33.0,36.0,47.0,33.0,44.0,34.0,36.0,34.0
2,37.0,42.0,35.0,34.0,32.0,24.0,34.0,30.0,43.0,48.0,46.0,38.0,36.0,30.0,40.0,30.0,34.0,38.0,47.0,41.0,54.0,52.0,44.0,42.0
3,40.0,38.0,32.0,35.0,32.0,30.0,35.0,32.0,39.0,42.0,45.0,37.0,44.0,40.0,36.0,37.0,37.0,34.0,38.0,35.0,32.0,27.0,,
4,,,,,,,,,,,38.0,37.0,36.0,40.0,35.0,48.0,47.0,36.0,36.0,40.0,43.0,27.0,28.0,32.0
5,35.0,37.0,35.0,30.0,36.0,30.0,27.0,32.0,37.0,46.0,44.0,49.0,50.0,47.0,41.0,43.0,46.0,45.0,42.0,36.0,33.0,35.0,25.0,25.0
6,22.0,26.0,31.0,32.0,27.0,27.0,32.0,36.0,41.0,50.0,47.0,43.0,40.0,38.0,39.0,41.0,37.0,36.0,54.0,56.0,51.0,50.0,42.0,22.0
7,20.0,42.0,36.0,30.0,23.0,19.0,20.0,29.0,32.0,47.0,47.0,40.0,38.0,40.0,39.0,40.0,44.0,30.0,42.0,48.0,35.0,34.0,,
8,,,,,,,,,,,,,,,,,,,,,,,,
9,,,,,,,,,,,,,29.0,37.0,25.0,27.0,26.0,28.0,41.0,38.0,46.0,64.0,69.0,50.0
10,45.0,24.0,22.0,46.0,23.0,21.0,27.0,34.0,23.0,34.0,39.0,43.0,40.0,35.0,37.0,50.0,26.0,30.0,30.0,37.0,41.0,41.0,47.0,44.0
11,30.0,35.0,33.0,36.0,36.0,36.0,44.0,50.0,49.0,31.0,30.0,38.0,34.0,35.0,37.0,38.0,46.0,41.0,38.0,45.0,60.0,76.0,71.0,73.0
12,24.0,26.0,26.0,34.0,27.0,22.0,24.0,24.0,34.0,35.0,44.0,41.0,51.0,50.0,51.0,50.0,50.0,50.0,35.0,38.0,44.0,43.0,46.0,49.0
13,37.0,30.0,39.0,31.0,31.0,34.0,40.0,50.0,51.0,41.0,46.0,44.0,44.0,46.0,44.0,50.0,49.0,40.0,40.0,36.0,48.0,55.0,62.0,63.0
14,57.0,40.0,38.0,37.0,41.0,41.0,42.0,46.0,50.0,58.0,48.0,26.0,33.0,33.0,31.0,26.0,29.0,25.0,35.0,30.0,32.0,28.0,36.0,33.0
15,42.0,,,,,,,,,,,,,,,,,,,,,,,
16,,,,,,,,,,,59.0,50.0,52.0,45.0,45.0,47.0,45.0,53.0,60.0,58.0,51.0,29.0,38.0,37.0
17,36.0,32.0,36.0,28.0,25.0,24.0,34.0,36.0,44.0,58.0,64.0,50.0,47.0,46.0,41.0,43.0,44.0,55.0,65.0,59.0,56.0,51.0,40.0,34.0
18,34.0,45.0,40.0,29.0,27.0,20.0,27.0,33.0,42.0,47.0,53.0,51.0,42.0,37.0,38.0,37.0,39.0,42.0,48.0,52.0,47.0,34.0,34.0,36.0
19,27.0,35.0,35.0,25.0,24.0,21.0,21.0,33.0,31.0,38.0,34.0,37.0,35.0,34.0,34.0,31.0,34.0,35.0,40.0,41.0,42.0,28.0,28.0,32.0
20,27.0,28.0,32.0,38.0,35.0,31.0,31.0,36.0,43.0,53.0,60.0,61.0,54.0,52.0,47.0,52.0,43.0,50.0,45.0,50.0,59.0,62.0,58.0,48.0
21,41.0,44.0,40.0,,,,,,,,46.0,55.0,68.0,62.0,63.0,51.0,58.0,50.0,,100.0,76.0,47.0,38.0,41.0
22,35.0,30.0,26.0,28.0,25.0,23.0,23.0,38.0,38.0,35.0,44.0,39.0,33.0,38.0,34.0,41.0,37.0,32.0,55.0,54.0,66.0,79.0,79.0,74.0
23,54.0,44.0,32.0,36.0,34.0,24.0,33.0,31.0,31.0,36.0,30.0,37.0,42.0,46.0,38.0,43.0,41.0,38.0,49.0,52.0,48.0,43.0,48.0,32.0
24,26.0,27.0,24.0,28.0,27.0,21.0,36.0,41.0,46.0,33.0,32.0,37.0,41.0,43.0,29.0,41.0,38.0,32.0,37.0,41.0,52.0,64.0,60.0,46.0
25,37.0,36.0,49.0,52.0,52.0,26.0,29.0,20.0,24.0,28.0,36.0,38.0,42.0,40.0,39.0,38.0,40.0,35.0,33.0,48.0,59.0,70.0,64.0,45.0
26,26.0,22.0,22.0,20.0,19.0,18.0,34.0,28.0,25.0,24.0,35.0,33.0,34.0,36.0,32.0,26.0,25.0,28.0,38.0,49.0,30.0,22.0,30.0,30.0
27,31.0,,,,,,,,,,,,,,,,47.0,25.0,30.0,50.0,35.0,35.0,26.0,32.0
28,29.0,20.0,20.0,21.0,24.0,18.0,28.0,19.0,19.0,23.0,22.0,40.0,328.0,500.0,24.0,28.0,29.0,22.0,24.0,24.0,30.0,33.0,26.0,23.0
29,20.0,22.0,22.0,23.0,24.0,21.0,47.0,32.0,33.0,37.0,36.0,25.0,33.0,36.0,40.0,40.0,35.0,42.0,48.0,47.0,44.0,38.0,33.0,25.0
30,38.0,49.0,47.0,23.0,23.0,23.0,36.0,28.0,32.0,58.0,65.0,38.0,43.0,47.0,45.0,48.0,43.0,27.0,22.0,36.0,74.0,49.0,42.0,47.0
31,42.0,47.0,42.0,37.0,37.0,39.0,45.0,48.0,47.0,44.0,54.0,54.0,63.0,72.0,72.0,70.0,73.0,61.0,63.0,64.0,59.0,66.0,61.0,56.0
"
"
September-2021,00:00:00,01:00:00,02:00:00,03:00:00,04:00:00,05:00:00,06:00:00,07:00:00,08:00:00,09:00:00,10:00:00,11:00:00,12:00:00,13:00:00,14:00:00,15:00:00,16:00:00,17:00:00,18:00:00,19:00:00,20:00:00,21:00:00,22:00:00,23:00:00
1,39.0,35.0,30.0,30.0,33.0,38.0,40.0,43.0,44.0,57.0,46.0,46.0,42.0,43.0,46.0,46.0,46.0,48.0,53.0,50.0,58.0,49.0,40.0,30.0
2,36.0,29.0,24.0,42.0,42.0,25.0,35.0,32.0,39.0,44.0,38.0,37.0,36.0,30.0,,,,,24.0,37.0,38.0,39.0,33.0,28.0
3,23.0,20.0,17.0,20.0,20.0,20.0,21.0,27.0,35.0,35.0,37.0,37.0,36.0,35.0,29.0,34.0,45.0,34.0,44.0,47.0,42.0,40.0,35.0,48.0
4,50.0,27.0,32.0,52.0,51.0,27.0,30.0,53.0,59.0,51.0,49.0,38.0,34.0,42.0,43.0,29.0,34.0,32.0,48.0,26.0,28.0,27.0,,
5,,,,,,,,,,,,,46.0,52.0,49.0,35.0,47.0,43.0,42.0,36.0,32.0,31.0,29.0,27.0
6,31.0,33.0,34.0,19.0,20.0,21.0,21.0,27.0,34.0,41.0,36.0,29.0,25.0,34.0,31.0,34.0,35.0,30.0,34.0,39.0,38.0,36.0,32.0,32.0
7,24.0,21.0,20.0,25.0,21.0,22.0,25.0,30.0,29.0,30.0,32.0,50.0,50.0,32.0,36.0,37.0,40.0,37.0,30.0,24.0,28.0,31.0,28.0,26.0
8,26.0,34.0,38.0,20.0,20.0,21.0,44.0,25.0,24.0,32.0,42.0,59.0,51.0,33.0,40.0,35.0,37.0,42.0,53.0,38.0,45.0,44.0,41.0,37.0
9,41.0,44.0,38.0,50.0,46.0,20.0,24.0,34.0,45.0,44.0,45.0,48.0,32.0,32.0,38.0,40.0,41.0,46.0,48.0,46.0,41.0,46.0,43.0,44.0
10,50.0,49.0,36.0,33.0,28.0,28.0,30.0,29.0,38.0,45.0,44.0,42.0,38.0,37.0,30.0,34.0,39.0,36.0,34.0,46.0,42.0,44.0,43.0,40.0
11,44.0,53.0,43.0,36.0,26.0,23.0,36.0,37.0,40.0,39.0,40.0,35.0,31.0,36.0,39.0,41.0,42.0,40.0,41.0,43.0,36.0,27.0,26.0,29.0
12,38.0,34.0,25.0,22.0,20.0,20.0,33.0,27.0,31.0,27.0,28.0,24.0,21.0,31.0,35.0,34.0,36.0,36.0,35.0,30.0,34.0,46.0,42.0,36.0
13,35.0,42.0,40.0,26.0,27.0,24.0,22.0,27.0,31.0,34.0,30.0,38.0,34.0,31.0,37.0,36.0,44.0,60.0,58.0,52.0,39.0,33.0,30.0,24.0
14,24.0,26.0,24.0,25.0,20.0,24.0,24.0,29.0,35.0,37.0,39.0,44.0,47.0,44.0,49.0,46.0,52.0,61.0,63.0,71.0,64.0,57.0,53.0,46.0
15,37.0,42.0,42.0,35.0,25.0,24.0,31.0,38.0,47.0,54.0,59.0,61.0,58.0,60.0,60.0,59.0,61.0,59.0,62.0,64.0,58.0,44.0,49.0,44.0
16,40.0,55.0,61.0,67.0,69.0,50.0,41.0,42.0,49.0,62.0,70.0,68.0,65.0,60.0,65.0,85.0,57.0,60.0,60.0,68.0,62.0,66.0,69.0,72.0
17,60.0,64.0,80.0,84.0,76.0,51.0,44.0,45.0,56.0,71.0,73.0,66.0,68.0,33.0,32.0,59.0,60.0,64.0,66.0,82.0,90.0,72.0,85.0,84.0
18,82.0,48.0,52.0,50.0,21.0,22.0,26.0,22.0,27.0,42.0,66.0,58.0,63.0,72.0,59.0,55.0,57.0,64.0,70.0,72.0,83.0,95.0,96.0,81.0
19,57.0,52.0,54.0,54.0,54.0,51.0,43.0,39.0,42.0,49.0,52.0,48.0,60.0,77.0,,,,,67.0,70.0,82.0,92.0,97.0,106.0
20,104.0,56.0,22.0,27.0,26.0,29.0,25.0,26.0,51.0,66.0,82.0,82.0,72.0,86.0,89.0,74.0,61.0,63.0,79.0,84.0,79.0,83.0,68.0,41.0
21,33.0,32.0,31.0,25.0,24.0,24.0,27.0,26.0,23.0,23.0,31.0,31.0,29.0,31.0,34.0,25.0,34.0,49.0,30.0,38.0,48.0,40.0,24.0,26.0
22,24.0,20.0,27.0,27.0,22.0,23.0,26.0,22.0,36.0,33.0,38.0,22.0,24.0,22.0,26.0,24.0,24.0,27.0,31.0,37.0,46.0,42.0,38.0,31.0
23,24.0,21.0,20.0,20.0,20.0,25.0,32.0,36.0,33.0,38.0,39.0,31.0,28.0,32.0,41.0,34.0,28.0,34.0,54.0,48.0,54.0,54.0,48.0,44.0
24,31.0,34.0,31.0,31.0,45.0,37.0,32.0,27.0,36.0,29.0,46.0,41.0,38.0,34.0,26.0,34.0,26.0,34.0,40.0,46.0,70.0,86.0,112.0,98.0
25,100.0,85.0,47.0,53.0,35.0,22.0,24.0,26.0,26.0,29.0,24.0,25.0,38.0,40.0,30.0,35.0,41.0,38.0,54.0,54.0,41.0,25.0,23.0,32.0
26,24.0,24.0,,,,,,,,,,,,,,,,,,,,,,
27,,,,,,,,,,,33.0,24.0,23.0,22.0,23.0,29.0,27.0,24.0,28.0,28.0,33.0,34.0,32.0,25.0
28,30.0,26.0,23.0,27.0,31.0,34.0,30.0,22.0,30.0,26.0,35.0,37.0,39.0,38.0,44.0,30.0,35.0,36.0,48.0,43.0,48.0,38.0,48.0,43.0
29,46.0,42.0,50.0,47.0,39.0,45.0,37.0,38.0,38.0,47.0,39.0,34.0,34.0,31.0,28.0,31.0,26.0,28.0,36.0,39.0,46.0,48.0,53.0,56.0
30,51.0,49.0,43.0,38.0,32.0,39.0,39.0,36.0,44.0,58.0,48.0,54.0,58.0,48.0,41.0,32.0,28.0,36.0,39.0,46.0,63.0,85.0,106.0,103.0
"
"
October-2021,00:00:00,01:00:00,02:00:00,03:00:00,04:00:00,05:00:00,06:00:00,07:00:00,08:00:00,09:00:00,10:00:00,11:00:00,12:00:00,13:00:00,14:00:00,15:00:00,16:00:00,17:00:00,18:00:00,19:00:00,20:00:00,21:00:00,22:00:00,23:00:00
1,75.0,35.0,30.0,30.0,38.0,40.0,28.0,38.0,41.0,46.0,48.0,50.0,58.0,74.0,56.0,43.0,48.0,61.0,,,,52,53,117.0
2,105.0,56.0,58.0,58.0,59.0,62.0,59.0,62.0,83.0,93.0,68.0,48.0,50.0,62.0,46.0,39.0,46.0,48.0,44.0,43.0,58.0,54,48,56.0
3,31.0,28.0,32.0,44.0,43.0,30.0,31.0,31.0,63.0,,55.0,38.0,47.0,52.0,35.0,,24.0,,36.0,,40.0,46,52,
4,,23.0,23.0,34.0,29.0,27.0,,47.0,56.0,,68.0,70.0,58.0,43.0,38.0,33.0,44.0,51.0,59.0,65.0,67.0,69,54,51.0
5,46.0,41.0,34.0,36.0,38.0,36.0,36.0,44.0,58.0,64.0,37.0,24.0,46.0,53.0,57.0,57.0,49.0,50.0,47.0,56.0,56.0,45,45,28.0
6,27.0,31.0,31.0,32.0,24.0,24.0,19.0,20.0,20.0,23.0,22.0,28.0,33.0,31.0,31.0,31.0,45.0,27.0,37.0,36.0,42.0,55,63,47.0
7,44.0,34.0,26.0,20.0,20.0,20.0,20.0,20.0,24.0,27.0,34.0,43.0,54.0,43.0,38.0,33.0,26.0,25.0,27.0,37.0,48.0,60,84,88.0
8,35.0,25.0,31.0,30.0,28.0,33.0,21.0,20.0,20.0,36.0,53.0,24.0,34.0,33.0,30.0,30.0,44.0,60.0,58.0,43.0,53.0,100,108,38.0
9,27.0,21.0,26.0,24.0,23.0,21.0,20.0,20.0,20.0,20.0,22.0,33.0,41.0,30.0,26.0,27.0,35.0,37.0,41.0,43.0,54.0,59,65,50.0
10,38.0,32.0,26.0,25.0,30.0,35.0,30.0,20.0,19.0,20.0,22.0,32.0,22.0,24.0,25.0,28.0,63.0,24.0,23.0,36.0,34.0,41,41,36.0
11,29.0,23.0,22.0,21.0,22.0,20.0,20.0,20.0,26.0,31.0,23.0,39.0,34.0,33.0,49.0,30.0,44.0,45.0,65.0,62.0,67.0,40,27,24.0
12,24.0,20.0,21.0,20.0,19.0,20.0,22.0,20.0,20.0,32.0,30.0,22.0,24.0,23.0,23.0,33.0,45.0,42.0,40.0,42.0,39.0,34,28,23.0
13,20.0,20.0,20.0,20.0,20.0,21.0,21.0,20.0,20.0,21.0,22.0,21.0,22.0,21.0,26.0,24.0,23.0,28.0,30.0,36.0,45.0,52,54,41.0
14,29.0,25.0,21.0,20.0,20.0,20.0,20.0,19.0,20.0,30.0,22.0,22.0,27.0,22.0,23.0,22.0,30.0,24.0,23.0,23.0,41.0,52,63,70.0
15,91.0,77.0,73.0,76.0,66.0,32.0,25.0,28.0,35.0,28.0,32.0,41.0,52.0,85.0,111.0,103.0,74.0,72.0,90.0,90.0,62.0,65,83,99.0
16,101.0,105.0,104.0,76.0,43.0,51.0,42.0,61.0,88.0,108.0,108.0,103.0,106.0,122.0,118.0,117.0,123.0,134.0,121.0,90.0,62.0,55,51,30.0
17,32.0,37.0,34.0,25.0,24.0,38.0,40.0,35.0,53.0,60.0,44.0,59.0,95.0,86.0,88.0,90.0,101.0,99.0,99.0,105.0,73.0,60,73,72.0
18,43.0,50.0,60.0,62.0,56.0,63.0,69.0,64.0,59.0,65.0,65.0,60.0,68.0,83.0,103.0,53.0,86.0,73.0,84.0,72.0,78.0,79,74,74.0
19,71.0,58.0,77.0,74.0,69.0,69.0,64.0,62.0,67.0,66.0,57.0,,,,,,,81.0,90.0,100.0,97.0,98,109,113.0
20,115.0,119.0,118.0,113.0,104.0,106.0,103.0,112.0,116.0,116.0,88.0,84.0,103.0,119.0,109.0,90.0,94.0,118.0,123.0,86.0,95.0,67,59,58.0
21,62.0,65.0,60.0,58.0,61.0,71.0,64.0,75.0,100.0,110.0,121.0,114.0,91.0,78.0,78.0,78.0,78.0,78.0,90.0,104.0,130.0,127,107,65.0
22,64.0,91.0,,,,,,,,101.0,74.0,76.0,88.0,90.0,84.0,68.0,60.0,74.0,108.0,111.0,114.0,106,91,65.0
23,,,,,,,,,,,,,,,46.0,55.0,49.0,58.0,64.0,53.0,66.0,87,83,78.0
24,57.0,40.0,28.0,24.0,29.0,22.0,22.0,21.0,20.0,24.0,24.0,24.0,26.0,26.0,25.0,25.0,25.0,25.0,24.0,25.0,37.0,48,52,47.0
25,57.0,56.0,56.0,47.0,44.0,44.0,44.0,58.0,87.0,83.0,80.0,60.0,61.0,71.0,,,80.0,86.0,86.0,93.0,104.0,104,94,99.0
26,107.0,104.0,103.0,99.0,98.0,93.0,79.0,84.0,87.0,98.0,90.0,87.0,82.0,78.0,70.0,77.0,78.0,82.0,79.0,100.0,132.0,169,136,123.0
27,106.0,107.0,114.0,128.0,115.0,109.0,103.0,114.0,110.0,106.0,105.0,101.0,101.0,95.0,93.0,102.0,96.0,98.0,103.0,118.0,152.0,190,155,137.0
28,120.0,110.0,111.0,105.0,115.0,98.0,99.0,107.0,140.0,134.0,114.0,113.0,107.0,110.0,111.0,98.0,105.0,99.0,102.0,112.0,136.0,163,154,128.0
29,128.0,112.0,93.0,90.0,83.0,80.0,95.0,111.0,103.0,140.0,105.0,86.0,83.0,78.0,67.0,65.0,59.0,55.0,49.0,44.0,42.0,39,35,29.0
30,26.0,25.0,26.0,23.0,21.0,21.0,23.0,24.0,25.0,28.0,30.0,34.0,38.0,36.0,34.0,32.0,50.0,47.0,45.0,53.0,40.0,42,40,34.0
31,36.0,30.0,28.0,27.0,26.0,24.0,30.0,38.0,44.0,48.0,47.0,44.0,36.0,38.0,33.0,40.0,38.0,38.0,40.0,36.0,38.0,33,34,27.0
"
"
November-2021,00:00:00,01:00:00,02:00:00,03:00:00,04:00:00,05:00:00,06:00:00,07:00:00,08:00:00,09:00:00,10:00:00,11:00:00,12:00:00,13:00:00,14:00:00,15:00:00,16:00:00,17:00:00,18:00:00,19:00:00,20:00:00,21:00:00,22:00:00,23:00:00
1,35.0,30.0,24.0,22.0,22.0,22.0,31.0,29.0,35.0,38.0,34.0,34.0,32.0,28.0,30.0,,25.0,31.0,31.0,43.0,41.0,35.0,28.0,28.0
2,28.0,26.0,25.0,24.0,23.0,22.0,22.0,22.0,30.0,38.0,38.0,40.0,45.0,37.0,42.0,39.0,43.0,45.0,47.0,50.0,60.0,76.0,77.0,62.0
3,65.0,43.0,34.0,31.0,30.0,29.0,34.0,41.0,48.0,51.0,56.0,48.0,36.0,43.0,48.0,38.0,33.0,36.0,40.0,47.0,68.0,84.0,101.0,156.0
4,121.0,67.0,52.0,38.0,35.0,36.0,35.0,39.0,54.0,64.0,55.0,48.0,47.0,40.0,45.0,32.0,29.0,36.0,49.0,53.0,70.0,156.0,133.0,65.0
5,52.0,68.0,36.0,25.0,24.0,23.0,22.0,23.0,26.0,35.0,40.0,43.0,49.0,36.0,31.0,24.0,23.0,30.0,48.0,36.0,48.0,42.0,133.0,133.0
6,39.0,26.0,22.0,29.0,26.0,25.0,23.0,19.0,21.0,25.0,33.0,,,,,,,,,,,,,
7,,,,,,,,,,,,,,,52.0,55.0,59.0,58.0,52.0,65.0,78.0,84.0,78.0,90.0
8,95.0,90.0,85.0,86.0,100.0,125.0,107.0,98.0,111.0,160.0,174.0,164.0,179.0,157.0,154.0,139.0,122.0,138.0,145.0,159.0,184.0,176.0,174.0,171.0
9,149.0,135.0,128.0,123.0,134.0,,,,,,,,101.0,89.0,85.0,87.0,85.0,81.0,91.0,100.0,109.0,113.0,113.0,109.0
10,106.0,111.0,93.0,96.0,102.0,118.0,111.0,112.0,118.0,150.0,136.0,122.0,114.0,98.0,89.0,74.0,74.0,84.0,86.0,98.0,106.0,102.0,122.0,115.0
11,99.0,93.0,85.0,88.0,88.0,95.0,88.0,91.0,95.0,97.0,101.0,129.0,148.0,145.0,130.0,135.0,92.0,53.0,48.0,51.0,65.0,59.0,41.0,34.0
12,32.0,38.0,24.0,,,,,,,,35.0,32.0,37.0,41.0,36.0,33.0,34.0,36.0,37.0,33.0,30.0,43.0,39.0,35.0
13,33.0,40.0,38.0,30.0,33.0,40.0,38.0,50.0,46.0,56.0,57.0,56.0,58.0,66.0,68.0,64.0,62.0,76.0,92.0,93.0,95.0,87.0,76.0,50.0
14,61.0,52.0,34.0,27.0,29.0,33.0,34.0,38.0,37.0,46.0,41.0,33.0,37.0,38.0,38.0,37.0,40.0,37.0,42.0,42.0,54.0,82.0,114.0,110.0
15,70.0,38.0,32.0,36.0,34.0,42.0,43.0,36.0,37.0,43.0,39.0,42.0,55.0,51.0,69.0,81.0,72.0,69.0,60.0,50.0,36.0,35.0,41.0,40.0
16,40.0,34.0,34.0,42.0,37.0,38.0,44.0,48.0,71.0,82.0,80.0,75.0,61.0,58.0,51.0,59.0,53.0,64.0,61.0,78.0,93.0,91.0,88.0,49.0
17,40.0,30.0,37.0,36.0,38.0,40.0,38.0,30.0,40.0,50.0,47.0,46.0,51.0,46.0,46.0,58.0,72.0,84.0,100.0,95.0,76.0,68.0,69.0,53.0
18,58.0,51.0,38.0,34.0,,,,,,,,36.0,37.0,33.0,34.0,32.0,34.0,30.0,33.0,39.0,36.0,38.0,38.0,37.0
19,40.0,,,,,,,,,,,,,,,,,,38.0,37.0,35.0,50.0,54.0,51.0
20,49.0,32.0,40.0,36.0,34.0,39.0,34.0,48.0,39.0,36.0,41.0,30.0,35.0,36.0,45.0,40.0,42.0,33.0,36.0,48.0,52.0,55.0,55.0,47.0
21,44.0,54.0,52.0,54.0,48.0,39.0,46.0,43.0,46.0,64.0,64.0,62.0,59.0,50.0,51.0,48.0,55.0,48.0,49.0,51.0,44.0,34.0,33.0,35.0
22,36.0,35.0,40.0,37.0,44.0,36.0,44.0,40.0,38.0,42.0,41.0,42.0,38.0,38.0,41.0,38.0,41.0,43.0,56.0,80.0,93.0,66.0,49.0,59.0
23,60.0,44.0,37.0,32.0,35.0,34.0,31.0,39.0,51.0,56.0,62.0,50.0,46.0,45.0,41.0,43.0,44.0,40.0,50.0,62.0,72.0,56.0,76.0,74.0
24,56.0,38.0,41.0,,,,,,,68.0,68.0,53.0,56.0,53.0,47.0,50.0,48.0,54.0,59.0,45.0,54.0,,,
25,,,,,,,,,,,,,,51.0,49.0,,,,65.0,65.0,65.0,66.0,68.0,64.0
26,59.0,64.0,61.0,52.0,62.0,57.0,62.0,63.0,75.0,79.0,82.0,87.0,78.0,68.0,67.0,58.0,66.0,68.0,71.0,80.0,96.0,104.0,87.0,90.0
27,74.0,71.0,80.0,65.0,65.0,67.0,76.0,86.0,100.0,96.0,120.0,110.0,99.0,92.0,90.0,92.0,,,,,,,,
28,,,,,,,,,,,,,,,,,,,,,,,,
29,,,,,,,,,,,58.0,58.0,62.0,61.0,59.0,50.0,45.0,55.0,60.0,76.0,82.0,88.0,83.0,62.0
30,52.0,48.0,40.0,35.0,29.0,37.0,39.0,50.0,62.0,66.0,74.0,68.0,65.0,60.0,59.0,59.0,59.0,66.0,75.0,72.0,78.0,52.0,59.0,62.0
"
"
December-2021,00:00:00,01:00:00,02:00:00,03:00:00,04:00:00,05:00:00,06:00:00,07:00:00,08:00:00,09:00:00,10:00:00,11:00:00,12:00:00,13:00:00,14:00:00,15:00:00,16:00:00,17:00:00,18:00:00,19:00:00,20:00:00,21:00:00,22:00:00,23:00:00
1,50.0,52.0,43.0,38.0,38.0,38.0,34.0,40.0,50.0,61.0,75.0,91.0,94.0,88.0,90.0,85.0,86.0,88.0,93.0,106.0,116.0,120.0,143.0,119.0
2,102.0,89.0,81.0,81.0,76.0,82.0,80.0,88.0,102.0,109.0,121.0,111.0,105.0,104.0,110.0,114.0,114.0,114.0,123.0,133.0,138.0,169.0,130.0,117.0
3,113.0,91.0,94.0,84.0,82.0,87.0,86.0,90.0,98.0,102.0,114.0,110.0,102.0,96.0,74.0,67.0,74.0,84.0,,,,,,
4,,,,,,,,,,,,106.0,103.0,77.0,55.0,65.0,70.0,85.0,97.0,254.0,249.0,175.0,128.0,158.0
5,170.0,135.0,122.0,118.0,80.0,45.0,33.0,34.0,48.0,51.0,69.0,76.0,61.0,,,,,,,,,,,
6,,,,,,,,,,127.0,160.0,195.0,182.0,185.0,175.0,160.0,,,,293.0,264.0,202.0,192.0,200.0
7,171.0,144.0,154.0,175.0,172.0,175.0,172.0,190.0,225.0,228.0,183.0,149.0,104.0,83.0,73.0,70.0,73.0,80.0,95.0,106.0,121.0,122.0,106.0,95.0
8,105.0,114.0,95.0,82.0,75.0,67.0,69.0,86.0,112.0,112.0,88.0,72.0,64.0,60.0,57.0,59.0,60.0,66.0,80.0,102.0,105.0,105.0,119.0,124.0
9,96.0,72.0,56.0,,,,,,,,92.0,97.0,81.0,72.0,63.0,58.0,66.0,,,,,,,
10,,,,,,,,,,,74.0,,55.0,52.0,55.0,55.0,63.0,76.0,70.0,82.0,104.0,124.0,121.0,112.0
11,84.0,68.0,58.0,57.0,60.0,50.0,40.0,42.0,48.0,62.0,69.0,,,,,,,,,,,,,
12,,,,,,,,,,,58.0,56.0,50.0,54.0,53.0,54.0,54.0,52.0,66.0,74.0,66.0,66.0,75.0,78.0
13,64.0,56.0,47.0,44.0,50.0,49.0,48.0,44.0,49.0,61.0,65.0,69.0,71.0,69.0,64.0,66.0,52.0,48.0,50.0,,,,,
14,,,,,,,,,,,84.0,79.0,,60.0,65.0,74.0,61.0,70.0,72.0,68.0,72.0,76.0,79.0,75.0
15,76.0,66.0,66.0,68.0,63.0,64.0,64.0,71.0,85.0,101.0,108.0,108.0,101.0,89.0,90.0,90.0,87.0,90.0,96.0,100.0,100.0,118.0,116.0,109.0
16,104.0,106.0,105.0,102.0,96.0,87.0,86.0,92.0,96.0,107.0,113.0,108.0,100.0,95.0,94.0,80.0,81.0,80.0,83.0,105.0,121.0,118.0,110.0,111.0
17,115.0,114.0,117.0,113.0,,,,,,,122.0,142.0,111.0,113.0,113.0,81.0,81.0,79.0,80.0,107.0,124.0,130.0,126.0,149.0
18,159.0,140.0,146.0,132.0,123.0,127.0,160.0,142.0,147.0,141.0,151.0,134.0,118.0,110.0,102.0,101.0,103.0,98.0,98.0,138.0,158.0,179.0,156.0,124.0
19,132.0,135.0,121.0,144.0,111.0,114.0,110.0,112.0,131.0,127.0,109.0,103.0,100.0,85.0,73.0,70.0,66.0,62.0,70.0,94.0,119.0,126.0,103.0,114.0
20,103.0,97.0,85.0,84.0,88.0,90.0,91.0,98.0,108.0,116.0,119.0,110.0,105.0,100.0,88.0,77.0,73.0,75.0,86.0,112.0,151.0,148.0,134.0,140.0
21,145.0,130.0,125.0,107.0,107.0,110.0,133.0,162.0,178.0,161.0,188.0,170.0,158.0,149.0,135.0,119.0,109.0,111.0,113.0,130.0,157.0,250.0,252.0,238.0
22,177.0,162.0,138.0,131.0,168.0,118.0,109.0,116.0,128.0,137.0,172.0,141.0,112.0,110.0,110.0,100.0,87.0,78.0,90.0,115.0,151.0,162.0,152.0,166.0
23,151.0,127.0,140.0,,,,,,,,223.0,221.0,177.0,97.0,90.0,86.0,78.0,84.0,86.0,112.0,146.0,164.0,140.0,135.0
24,135.0,131.0,132.0,129.0,142.0,154.0,147.0,147.0,190.0,218.0,198.0,160.0,125.0,85.0,62.0,59.0,54.0,54.0,72.0,107.0,149.0,168.0,138.0,127.0
25,128.0,123.0,105.0,90.0,88.0,91.0,87.0,96.0,103.0,116.0,120.0,122.0,109.0,,,,,,,95.0,136.0,141.0,145.0,112.0
26,102.0,94.0,84.0,87.0,84.0,78.0,80.0,84.0,89.0,140.0,188.0,151.0,93.0,85.0,76.0,,,,,,,,,
27,,,,,,,,,,,,,,,,,,,76.0,67.0,115.0,125.0,122.0,113.0
28,100.0,83.0,72.0,77.0,101.0,86.0,89.0,101.0,119.0,110.0,102.0,91.0,69.0,75.0,67.0,65.0,61.0,74.0,69.0,,,,,
29,,,,,,,,,,,,86.0,76.0,71.0,68.0,62.0,63.0,75.0,86.0,109.0,133.0,151.0,129.0,113.0
30,97.0,80.0,73.0,67.0,57.0,55.0,59.0,67.0,85.0,104.0,101.0,81.0,64.0,58.0,79.0,90.0,69.0,62.0,65.0,76.0,86.0,89.0,91.0,76.0
31,58.0,38.0,24.0,24.0,24.0,24.0,23.0,36.0,44.0,54.0,71.0,81.0,82.0,76.0,78.0,76.0,70.0,73.0,78.0,84.0,80.0,70.0,32.0,28.0
"
"
Year,2022
January-2022,00:00:00,01:00:00,02:00:00,03:00:00,04:00:00,05:00:00,06:00:00,07:00:00,08:00:00,09:00:00,10:00:00,11:00:00,12:00:00,13:00:00,14:00:00,15:00:00,16:00:00,17:00:00,18:00:00,19:00:00,20:00:00,21:00:00,22:00:00,23:00:00
1,30,28,31,25,31,34,40,46.0,54.0,68.0,63.0,65.0,23,23.0,25.0,29,23.0,23,23,23.0,23.0,23,35,36
2,34,23,23,23,24,23,23,27.0,34.0,25.0,24.0,26.0,24,23.0,24.0,23,23.0,23,30,48.0,57.0,37,35,31
3,26,23,23,23,24,23,23,27.0,41.0,22.0,27.0,27.0,23,25.0,36.0,48,49.0,53,62,84.0,114.0,110,99,97
4,89,80,80,74,73,73,78,89.0,102.0,106.0,104.0,94.0,74,73.0,71.0,64,70.0,70,76,102.0,118.0,118,102,100
5,94,81,85,86,82,81,82,93.0,101.0,,,134.0,127,122.0,117.0,107,92.0,83,75,93.0,115.0,92,80,121
6,106,91,80,78,80,78,66,72.0,83.0,96.0,103.0,112.0,108,105.0,103.0,100,89.0,92,101,112.0,109.0,110,105,88
7,80,71,68,72,68,64,68,71.0,81.0,89.0,94.0,103.0,87,86.0,78.0,77,75.0,76,91,101.0,112.0,115,114,103
8,85,66,55,50,50,52,56,62.0,62.0,76.0,83.0,77.0,66,76.0,79.0,84,82.0,90,95,100.0,109.0,113,104,91
9,81,74,69,63,62,62,57,61.0,70.0,76.0,78.0,70.0,65,74.0,72.0,67,66.0,71,91,114.0,94.0,80,76,73
10,62,58,59,56,57,53,54,60.0,82.0,108.0,120.0,112.0,121,112.0,104.0,97,86.0,94,98,94.0,99.0,95,83,74
11,63,45,41,42,43,44,42,44.0,61.0,78.0,88.0,81.0,76,84.0,64.0,66,66.0,58,68,81.0,85.0,88,80,80
12,67,50,42,42,50,61,69,90.0,99.0,107.0,102.0,98.0,86,73.0,72.0,65,63.0,66,65,73.0,95.0,113,134,128
13,101,62,59,64,65,71,75,98.0,113.0,72.0,72.0,68.0,58,51.0,50.0,46,44.0,50,77,62.0,104.0,134,148,102
14,64,58,52,43,48,51,54,73.0,108.0,137.0,142.0,113.0,102,72.0,61.0,42,35.0,43,48,,65.0,84,100,120
15,150,139,112,80,62,50,45,38.0,60.0,88.0,76.0,66.0,54,46.0,46.0,48,49.0,55,65,78.0,101.0,123,128,84
16,68,52,49,45,48,58,58,63.0,66.0,68.0,70.0,72.0,62,54.0,51.0,44,39.0,40,46,53.0,63.0,66,65,26
17,24,24,24,24,24,24,23,,,,36.0,,62,,,45,,47,65,68.0,70.0,67,61,54
18,46,37,38,24,24,33,38,28.0,29.0,31.0,34.0,23.0,64,57.0,51.0,49,52.0,70,52,65.0,96.0,104,94,78
19,78,72,68,70,69,72,67,77.0,107.0,102.0,121.0,109.0,80,67.0,63.0,54,48.0,47,56,81.0,110.0,120,108,102
20,100,80,73,74,76,76,79,93.0,107.0,157.0,211.0,105.0,87,80.0,62.0,57,76.0,65,70,104.0,139.0,130,135,140
21,136,119,72,81,83,88,101,95.0,87.0,77.0,74.0,109.0,98,88.0,61.0,42,40.0,40,43,56.0,90.0,110,112,111
22,108,108,132,143,116,104,90,95.0,101.0,108.0,114.0,118.0,110,93.0,62.0,56,47.0,46,54,77.0,94.0,123,132,112
23,102,77,56,50,40,44,52,55.0,63.0,72.0,76.0,64.0,56,50.0,48.0,40,27.0,27,27,26.0,39.0,36,39,38
24,25,23,24,23,23,23,23,25.0,30.0,30.0,27.0,66.0,71,67.0,61.0,50,46.0,43,54,57.0,82.0,83,94,96
25,93,107,118,98,89,83,98,114.0,143.0,184.0,199.0,156.0,128,116.0,113.0,106,100.0,99,56,33.0,37.0,59,70,68
26,59,72,76,66,68,64,66,62.0,52.0,70.0,61.0,45.0,35,45.0,38.0,31,33.0,36,45,49.0,61.0,66,69,58
27,38,38,46,48,49,52,52,49.0,47.0,56.0,103.0,106.0,115,115.0,103.0,113,118.0,86,91,88.0,93.0,89,84,82
28,71,63,58,58,66,78,84,90.0,101.0,104.0,112.0,123.0,128,124.0,119.0,117,114.0,114,110,113.0,122.0,127,126,124
29,124,124,122,117,117,112,111,112.0,118.0,134.0,138.0,133.0,129,116.0,101.0,97,102.0,104,110,119.0,123.0,132,125,130
30,126,124,123,127,117,121,126,132.0,139.0,145.0,143.0,141.0,126,98.0,84.0,66,27.0,26,35,53.0,68.0,50,66,66
31,61,65,56,54,54,52,55,50.0,60.0,61.0,109.0,110.0,105,103.0,106.0,92,89.0,105,115,,,158,136,116
"
"
February-2022,00:00:00,01:00:00,02:00:00,03:00:00,04:00:00,05:00:00,06:00:00,07:00:00,08:00:00,09:00:00,10:00:00,11:00:00,12:00:00,13:00:00,14:00:00,15:00:00,16:00:00,17:00:00,18:00:00,19:00:00,20:00:00,21:00:00,22:00:00,23:00:00
1,116.0,119.0,115.0,110.0,120.0,119.0,130.0,134.0,144.0,153.0,151.0,138.0,139.0,131.0,101.0,,87.0,86.0,82.0,,,,,
2,,,,,,,,,,,,128.0,115.0,104.0,103.0,106.0,112.0,120.0,104.0,119.0,134.0,159.0,133.0,117.0
3,106.0,101.0,95.0,92.0,90.0,96.0,94.0,100.0,110.0,127.0,145.0,135.0,122.0,118.0,115.0,128.0,109.0,105.0,110.0,147.0,203.0,168.0,180.0,189.0
4,187.0,112.0,81.0,76.0,74.0,75.0,76.0,78.0,90.0,105.0,92.0,79.0,76.0,62.0,45.0,38.0,34.0,40.0,48.0,64.0,90.0,102.0,98.0,105.0
5,110.0,104.0,90.0,81.0,75.0,92.0,119.0,118.0,119.0,130.0,134.0,130.0,121.0,108.0,89.0,92.0,91.0,86.0,90.0,134.0,141.0,128.0,123.0,120.0
6,123.0,127.0,138.0,137.0,112.0,108.0,102.0,100.0,100.0,97.0,95.0,90.0,80.0,80.0,72.0,69.0,68.0,70.0,72.0,88.0,105.0,114.0,103.0,92.0
7,87.0,,,,,,,,,85.0,90.0,91.0,95.0,,,,,,,,,,,
8,,,,,,,,,,,115.0,121.0,134.0,,,,,,,,,,,
9,,,,,,,,,,,,114.0,111.0,114.0,111.0,96.0,99.0,104.0,108.0,113.0,118.0,121.0,113.0,108.0
10,105.0,86.0,77.0,81.0,81.0,83.0,82.0,84.0,89.0,99.0,106.0,108.0,96.0,78.0,60.0,50.0,51.0,53.0,58.0,76.0,104.0,110.0,111.0,112.0
11,95.0,,,,,,,,,,,,,,65.0,66.0,56.0,60.0,70.0,74.0,87.0,96.0,89.0,72.0
12,59.0,51.0,40.0,34.0,32.0,37.0,43.0,55.0,72.0,85.0,88.0,92.0,85.0,70.0,67.0,58.0,51.0,69.0,99.0,100.0,109.0,109.0,100.0,86.0
13,76.0,66.0,67.0,66.0,68.0,69.0,80.0,82.0,92.0,112.0,106.0,94.0,78.0,74.0,74.0,42.0,81.0,95.0,56.0,74.0,96.0,107.0,88.0,90.0
14,86.0,78.0,72.0,60.0,58.0,65.0,66.0,79.0,98.0,112.0,103.0,88.0,80.0,41.0,51.0,55.0,46.0,48.0,54.0,53.0,61.0,70.0,79.0,79.0
15,73.0,78.0,79.0,76.0,75.0,72.0,72.0,82.0,89.0,,,,146.0,117.0,,,,,,,,,,
16,89.0,83.0,81.0,74.0,72.0,73.0,79.0,87.0,105.0,134.0,132.0,122.0,113.0,106.0,100.0,83.0,80.0,88.0,,,,,,
17,,,,,,,,,,,,,,,,88.0,84.0,83.0,85.0,103.0,121.0,129.0,123.0,119.0
18,107.0,91.0,72.0,58.0,53.0,58.0,65.0,72.0,89.0,98.0,102.0,92.0,96.0,96.0,90.0,81.0,66.0,72.0,80.0,97.0,110.0,112.0,104.0,96.0
19,88.0,78.0,74.0,74.0,74.0,81.0,86.0,101.0,106.0,103.0,102.0,93.0,94.0,81.0,74.0,65.0,,,,,,,,
20,,,,,,,,,,,,,,,,,,,,,,,,
21,,,,,,,,,,,,,,,,,,,,117.0,117.0,129.0,148.0,121.0
22,136.0,114.0,106.0,108.0,103.0,105.0,107.0,115.0,137.0,169.0,158.0,129.0,122.0,,,153.0,153.0,,,,,,,
23,,,,,,,,,,,,,,,66.0,59.0,57.0,58.0,64.0,78.0,92.0,95.0,92.0,94.0
24,81.0,63.0,46.0,44.0,40.0,40.0,38.0,39.0,50.0,60.0,60.0,54.0,50.0,46.0,47.0,39.0,38.0,38.0,47.0,62.0,89.0,108.0,97.0,82.0
25,46.0,44.0,56.0,56.0,50.0,55.0,65.0,79.0,82.0,89.0,120.0,118.0,,,,,,,,,,,,
26,,,,,,,,,,,,,,,,,,,,,,,,
27,,,,,,,,,,,,,,,,,,,,,,,,
28,,,,,,,,,,,,,,,,,,,,,,,,
"
"
March-2022,00:00:00,01:00:00,02:00:00,03:00:00,04:00:00,05:00:00,06:00:00,07:00:00,08:00:00,09:00:00,10:00:00,11:00:00,12:00:00,13:00:00,14:00:00,15:00:00,16:00:00,17:00:00,18:00:00,19:00:00,20:00:00,21:00:00,22:00:00,23:00:00
1,,,,,,,,,,,,,,,,,,,,,,,,
2,,,,,,,,,,,,,,,,,,,,,,,,
3,,,,,,,,,,,,,,,,,,,,,,,,
4,,,,,,,,,,,,,,,,,,,,,,,,
5,,,,,,,,,,,,72.0,60.0,58.0,53.0,48.0,41.0,48.0,62.0,72.0,92.0,88.0,92.0,98.0
6,90.0,74.0,74.0,70.0,53.0,37.0,41.0,43.0,58.0,72.0,65.0,50.0,48.0,46.0,44.0,57.0,58.0,60.0,62.0,68.0,76.0,77.0,70.0,58.0
7,52.0,42.0,40.0,32.0,28.0,34.0,36.0,40.0,55.0,81.0,93.0,84.0,73.0,65.0,,,,69.0,70.0,78.0,254.0,403.0,83.0,88.0
8,85.0,88.0,72.0,72.0,79.0,68.0,69.0,80.0,96.0,109.0,108.0,108.0,105.0,88.0,71.0,63.0,72.0,72.0,70.0,79.0,105.0,108.0,110.0,94.0
9,77.0,83.0,84.0,83.0,84.0,90.0,94.0,105.0,117.0,122.0,123.0,106.0,90.0,84.0,73.0,,65.0,80.0,83.0,98.0,112.0,121.0,110.0,109.0
10,108.0,118.0,138.0,124.0,110.0,103.0,103.0,107.0,144.0,167.0,149.0,116.0,106.0,94.0,78.0,59.0,60.0,62.0,82.0,82.0,109.0,130.0,134.0,120.0
11,110.0,103.0,86.0,83.0,98.0,102.0,98.0,108.0,137.0,130.0,,102.0,107.0,82.0,76.0,72.0,68.0,71.0,85.0,93.0,111.0,114.0,106.0,101.0
12,105.0,103.0,100.0,103.0,93.0,95.0,98.0,107.0,135.0,150.0,113.0,84.0,85.0,92.0,97.0,80.0,76.0,83.0,94.0,104.0,120.0,123.0,118.0,112.0
13,109.0,106.0,104.0,86.0,84.0,84.0,82.0,95.0,116.0,118.0,121.0,110.0,107.0,106.0,99.0,98.0,94.0,,,,,,,
14,,,,,,,,,,,94.0,94.0,113.0,111.0,103.0,,,,,,148.0,184.0,183.0,170.0
15,148.0,120.0,117.0,122.0,121.0,138.0,161.0,158.0,163.0,208.0,155.0,134.0,127.0,118.0,104.0,95.0,89.0,72.0,74.0,91.0,111.0,113.0,132.0,172.0
16,146.0,131.0,124.0,127.0,122.0,132.0,111.0,118.0,150.0,137.0,159.0,159.0,132.0,121.0,,,,101.0,104.0,117.0,133.0,153.0,167.0,164.0
17,139.0,192.0,221.0,178.0,184.0,167.0,154.0,129.0,159.0,154.0,,135.0,110.0,96.0,91.0,84.0,83.0,96.0,105.0,163.0,173.0,216.0,180.0,149.0
18,145.0,148.0,125.0,124.0,123.0,120.0,96.0,101.0,108.0,119.0,128.0,114.0,110.0,110.0,106.0,101.0,102.0,107.0,105.0,124.0,148.0,159.0,151.0,126.0
19,120.0,110.0,107.0,105.0,97.0,92.0,83.0,83.0,91.0,94.0,102.0,110.0,110.0,111.0,,,,,,111.0,,66.0,78.0,64.0
20,55.0,55.0,52.0,44.0,,,,44.0,20.0,22.0,79.0,79.0,78.0,77.0,80.0,76.0,78.0,,,52.0,65.0,51.0,92.0,114.0
21,63.0,65.0,67.0,70.0,61.0,58.0,61.0,66.0,77.0,,87.0,94.0,102.0,86.0,86.0,77.0,107.0,86.0,76.0,150.0,135.0,109.0,91.0,61.0
22,53.0,70.0,58.0,58.0,59.0,60.0,58.0,61.0,65.0,72.0,64.0,71.0,78.0,68.0,59.0,62.0,72.0,77.0,86.0,95.0,106.0,72.0,88.0,119.0
23,128.0,120.0,84.0,78.0,85.0,96.0,104.0,110.0,140.0,160.0,156.0,139.0,130.0,122.0,122.0,109.0,106.0,108.0,113.0,121.0,132.0,122.0,125.0,125.0
24,104.0,95.0,100.0,101.0,117.0,102.0,104.0,95.0,86.0,92.0,103.0,106.0,107.0,108.0,111.0,113.0,117.0,133.0,139.0,148.0,135.0,124.0,118.0,108.0
25,110.0,101.0,97.0,86.0,78.0,68.0,74.0,68.0,68.0,89.0,96.0,100.0,110.0,124.0,102.0,109.0,106.0,109.0,114.0,120.0,123.0,129.0,120.0,102.0
26,89.0,86.0,83.0,86.0,91.0,102.0,99.0,84.0,80.0,85.0,95.0,92.0,95.0,105.0,108.0,108.0,106.0,107.0,123.0,124.0,141.0,125.0,97.0,82.0
27,84.0,78.0,75.0,84.0,98.0,100.0,90.0,80.0,82.0,83.0,85.0,92.0,90.0,92.0,104.0,97.0,93.0,95.0,97.0,106.0,118.0,125.0,130.0,112.0
28,86.0,75.0,59.0,60.0,67.0,76.0,81.0,76.0,84.0,92.0,93.0,87.0,94.0,102.0,,110.0,112.0,116.0,96.0,108.0,128.0,139.0,134.0,100.0
29,67.0,61.0,62.0,58.0,61.0,68.0,75.0,75.0,77.0,79.0,86.0,82.0,92.0,97.0,105.0,110.0,111.0,102.0,93.0,108.0,145.0,154.0,146.0,124.0
30,110.0,108.0,68.0,70.0,75.0,77.0,94.0,88.0,82.0,101.0,103.0,116.0,119.0,111.0,103.0,108.0,112.0,113.0,110.0,104.0,117.0,139.0,154.0,158.0
31,120.0,67.0,59.0,50.0,49.0,55.0,66.0,85.0,123.0,80.0,91.0,104.0,98.0,101.0,102.0,96.0,101.0,103.0,94.0,101.0,114.0,132.0,148.0,142.0
"
"
April-2022,00:00:00,01:00:00,02:00:00,03:00:00,04:00:00,05:00:00,06:00:00,07:00:00,08:00:00,09:00:00,10:00:00,11:00:00,12:00:00,13:00:00,14:00:00,15:00:00,16:00:00,17:00:00,18:00:00,19:00:00,20:00:00,21:00:00,22:00:00,23:00:00
1,131.0,105.0,86.0,65.0,57.0,73.0,86.0,89.0,88.0,93.0,105.0,102,104.0,104,112,96.0,103,106,113,110.0,97.0,105,102.0,109.0
2,86.0,72.0,61.0,54.0,47.0,57.0,59.0,59.0,64.0,73.0,86.0,85,76.0,75,81,90.0,90,96,103,110.0,131.0,188,167.0,143.0
3,120.0,99.0,93.0,140.0,68.0,66.0,62.0,64.0,62.0,76.0,84.0,90,100.0,97,94,90.0,85,82,85,87.0,113.0,130,120.0,91.0
4,84.0,75.0,66.0,64.0,78.0,81.0,88.0,87.0,97.0,111.0,101.0,103,105.0,110,109,104.0,106,105,104,108.0,121.0,124,110.0,102.0
5,97.0,95.0,94.0,91.0,59.0,41.0,42.0,64.0,100.0,92.0,98.0,88,92.0,96,94,88.0,81,88,91,94.0,110.0,109,111.0,108.0
6,108.0,113.0,121.0,112.0,103.0,93.0,96.0,114.0,106.0,107.0,90.0,90,100.0,104,99,80.0,87,99,104,112.0,125.0,128,117.0,106.0
7,100.0,80.0,73.0,71.0,64.0,66.0,77.0,94.0,109.0,112.0,103.0,110,115.0,109,108,100.0,100,104,103,109.0,118.0,120,104.0,103.0
8,104.0,102.0,97.0,,,,,,,92.0,92.0,90,94.0,77,64,55.0,54,56,61,64.0,80.0,88,73.0,61.0
9,60.0,54.0,41.0,38.0,34.0,38.0,45.0,76.0,116.0,82.0,76.0,80,70.0,81,77,58.0,58,71,64,75.0,88.0,76,78.0,68.0
10,60.0,48.0,33.0,31.0,21.0,21.0,23.0,47.0,95.0,63.0,68.0,74,73.0,48,52,58.0,57,55,63,77.0,86.0,95,86.0,73.0
11,74.0,71.0,64.0,57.0,37.0,35.0,30.0,32.0,49.0,59.0,57.0,55,51.0,46,48,63.0,71,74,71,82.0,80.0,81,81.0,77.0
12,68.0,48.0,33.0,26.0,19.0,20.0,24.0,66.0,128.0,60.0,68.0,70,65.0,48,37,,38,48,53,,,68,68.0,55.0
13,,41.0,,,,29.0,,38.0,52.0,59.0,,55,50.0,43,43,37.0,48,68,51,30.0,24.0,20,19.0,33.0
14,53.0,48.0,47.0,35.0,32.0,26.0,24.0,28.0,28.0,30.0,40.0,45,50.0,48,45,46.0,50,57,80,92.0,76.0,38,100.0,24.0
15,82.0,22.0,20.0,19.0,19.0,34.0,30.0,24.0,32.0,39.0,44.0,51,58.0,42,54,58.0,60,54,60,71.0,64.0,51,32.0,21.0
16,34.0,28.0,34.0,34.0,36.0,36.0,33.0,36.0,40.0,46.0,47.0,44,53.0,60,66,66.0,64,70,79,86.0,51.0,27,38.0,42.0
17,47.0,39.0,39.0,42.0,,,,42.0,57.0,58.0,66.0,83,75.0,66,65,59.0,59,68,65,66.0,83.0,85,76.0,58.0
18,42.0,40.0,41.0,40.0,25.0,22.0,23.0,28.0,31.0,42.0,37.0,33,32.0,41,43,40.0,42,43,52,60.0,36.0,26,,
19,,27.0,,,,,,,,,52.0,58,69.0,71,63,59.0,66,74,92,107.0,99.0,78,66.0,68.0
20,58.0,50.0,44.0,40.0,43.0,53.0,58.0,52.0,54.0,83.0,100.0,101,,108,92,88.0,89,86,94,104.0,122.0,136,146.0,133.0
21,122.0,97.0,83.0,80.0,81.0,96.0,112.0,112.0,116.0,,115.0,103,108.0,116,112,106.0,105,106,110,115.0,123.0,126,130.0,127.0
22,106.0,99.0,99.0,103.0,102.0,104.0,108.0,104.0,87.0,100.0,104.0,102,102.0,108,92,85.0,82,88,93,98.0,96.0,105,105.0,87.0
23,74.0,60.0,60.0,82.0,62.0,41.0,47.0,55.0,62.0,60.0,74.0,69,72.0,72,74,70.0,58,49,49,70.0,72.0,83,84.0,69.0
24,71.0,61.0,53.0,32.0,28.0,31.0,37.0,43.0,56.0,60.0,54.0,48,47.0,43,54,66.0,68,75,84,86.0,100.0,106,94.0,77.0
25,71.0,69.0,55.0,57.0,62.0,65.0,68.0,92.0,107.0,113.0,100.0,105,108.0,110,96,92.0,94,100,91,99.0,94.0,96,112.0,118.0
26,105.0,,96.0,65.0,,72.0,82.0,67.0,,62.0,62.0,67,68.0,74,77,80.0,79,89,102,108.0,116.0,113,130.0,130.0
27,113.0,102.0,96.0,88.0,92.0,92.0,94.0,113.0,160.0,115.0,108.0,106,102.0,109,104,100.0,101,102,105,109.0,121.0,125,119.0,109.0
28,97.0,79.0,,,,,,,,,,82,75.0,86,90,94.0,103,103,115,116.0,123.0,129,131.0,128.0
29,123.0,99.0,84.0,77.0,50.0,47.0,50.0,52.0,63.0,95.0,120.0,133,107.0,95,96,96.0,98,107,106,104.0,88.0,97,115.0,118.0
30,112.0,101.0,77.0,58.0,62.0,58.0,47.0,51.0,62.0,80.0,71.0,73,70.0,76,78,78.0,73,81,81,81.0,93.0,106,107.0,89.0
"
"
May-2022,00:00:00,01:00:00,02:00:00,03:00:00,04:00:00,05:00:00,06:00:00,07:00:00,08:00:00,09:00:00,10:00:00,11:00:00,12:00:00,13:00:00,14:00:00,15:00:00,16:00:00,17:00:00,18:00:00,19:00:00,20:00:00,21:00:00,22:00:00,23:00:00
1,96.0,71.0,61.0,51.0,47.0,45.0,48.0,47.0,62.0,54.0,58.0,64,60,64,65,65,65.0,74.0,72.0,43.0,40.0,58.0,61.0,53.0
2,48.0,36.0,49.0,45.0,21.0,39.0,38.0,36.0,46.0,48.0,49.0,50,46,46,44,47,44.0,49.0,52.0,55.0,66.0,84.0,89.0,106.0
3,112.0,68.0,40.0,32.0,30.0,26.0,,43.0,47.0,54.0,57.0,54,51,50,53,58,61.0,60.0,63.0,68.0,69.0,55.0,48.0,47.0
4,30.0,30.0,29.0,26.0,26.0,24.0,28.0,37.0,50.0,56.0,53.0,42,40,42,48,52,62.0,60.0,56.0,56.0,49.0,48.0,41.0,32.0
5,30.0,25.0,24.0,19.0,19.0,19.0,28.0,32.0,37.0,44.0,56.0,67,65,58,50,51,32.0,45.0,50.0,60.0,75.0,49.0,61.0,63.0
6,45.0,,,,,,,,,,,71,62,60,59,55,51.0,56.0,70.0,40.0,48.0,70.0,84.0,60.0
7,42.0,42.0,64.0,68.0,61.0,53.0,62.0,63.0,79.0,79.0,81.0,90,90,72,52,52,54.0,52.0,58.0,68.0,59.0,58.0,62.0,59.0
8,62.0,54.0,44.0,50.0,45.0,44.0,45.0,45.0,59.0,61.0,66.0,91,95,98,100,97,98.0,96.0,92.0,82.0,74.0,68.0,62.0,48.0
9,51.0,52.0,55.0,53.0,50.0,46.0,46.0,46.0,58.0,66.0,65.0,66,67,73,82,78,83.0,90.0,98.0,104.0,95.0,93.0,76.0,26.0
10,28.0,26.0,27.0,36.0,43.0,57.0,62.0,58.0,59.0,69.0,73.0,86,90,92,92,75,73.0,82.0,84.0,81.0,74.0,66.0,69.0,67.0
11,62.0,65.0,57.0,53.0,56.0,56.0,54.0,52.0,54.0,50.0,49.0,58,60,64,64,65,60.0,54.0,52.0,47.0,43.0,45.0,39.0,35.0
12,32.0,36.0,35.0,28.0,27.0,29.0,19.0,19.0,21.0,19.0,24.0,20,36,35,33,30,27.0,40.0,36.0,38.0,34.0,34.0,19.0,19.0
13,19.0,19.0,19.0,20.0,27.0,19.0,19.0,18.0,19.0,19.0,22.0,23,33,44,47,57,58.0,57.0,59.0,60.0,56.0,54.0,51.0,51.0
14,41.0,32.0,26.0,32.0,40.0,40.0,46.0,49.0,56.0,57.0,64.0,63,57,58,68,65,70.0,78.0,80.0,97.0,105.0,116.0,112.0,64.0
15,46.0,30.0,30.0,29.0,32.0,,,,54.0,59.0,76.0,86,94,95,92,93,,,,,,,,
16,,,,,,,,,,,84.0,82,85,83,81,85,86.0,76.0,56.0,36.0,22.0,28.0,26.0,25.0
17,20.0,24.0,24.0,25.0,22.0,25.0,21.0,21.0,31.0,48.0,50.0,55,58,62,58,58,57.0,48.0,28.0,36.0,27.0,32.0,32.0,19.0
18,,,,29.0,19.0,18.0,18.0,18.0,24.0,23.0,23.0,31,38,35,37,32,32.0,36.0,41.0,40.0,32.0,22.0,23.0,18.0
19,21.0,28.0,35.0,19.0,21.0,20.0,21.0,20.0,19.0,20.0,27.0,24,19,20,19,20,22.0,28.0,37.0,33.0,33.0,39.0,52.0,58.0
20,47.0,47.0,56.0,72.0,75.0,83.0,94.0,100.0,103.0,112.0,117.0,110,100,96,96,84,72.0,67.0,45.0,61.0,65.0,57.0,55.0,44.0
21,31.0,31.0,34.0,37.0,47.0,50.0,53.0,58.0,63.0,59.0,67.0,82,66,51,50,59,73.0,68.0,82.0,95.0,99.0,86.0,85.0,78.0
22,76.0,67.0,65.0,65.0,58.0,59.0,56.0,50.0,51.0,50.0,51.0,47,45,46,42,44,46.0,38.0,32.0,28.0,28.0,25.0,20.0,21.0
23,22.0,19.0,19.0,19.0,20.0,19.0,20.0,21.0,28.0,33.0,36.0,38,36,36,38,43,43.0,42.0,48.0,52.0,60.0,79.0,88.0,52.0
24,41.0,38.0,34.0,36.0,30.0,33.0,34.0,41.0,43.0,48.0,45.0,44,50,52,58,61,61.0,72.0,90.0,66.0,75.0,93.0,112.0,112.0
25,95.0,52.0,41.0,42.0,40.0,36.0,40.0,46.0,52.0,53.0,51.0,53,50,53,57,62,65.0,59.0,62.0,72.0,90.0,100.0,107.0,114.0
26,116.0,108.0,106.0,94.0,76.0,69.0,61.0,55.0,54.0,69.0,79.0,101,90,74,79,77,76.0,87.0,85.0,,,,,
27,,,,,,,,,,66.0,78.0,83,85,78,79,86,86.0,85.0,82.0,85.0,97.0,106.0,112.0,111.0
28,102.0,70.0,61.0,56.0,60.0,57.0,58.0,60.0,59.0,70.0,82.0,76,70,73,70,68,63.0,64.0,66.0,64.0,73.0,88.0,76.0,58.0
29,46.0,44.0,41.0,33.0,41.0,40.0,36.0,46.0,40.0,46.0,56.0,52,46,46,46,44,49.0,44.0,47.0,49.0,61.0,61.0,56.0,42.0
30,38.0,,,,,,,,,,,47,50,51,51,54,58.0,63.0,59.0,65.0,68.0,74.0,72.0,
31,41.0,20.0,19.0,24.0,24.0,20.0,24.0,21.0,25.0,33.0,38.0,34,39,42,46,49,52.0,50.0,36.0,44.0,44.0,42.0,39.0,30.0
"
"
June-2022,00:00:00,01:00:00,02:00:00,03:00:00,04:00:00,05:00:00,06:00:00,07:00:00,08:00:00,09:00:00,10:00:00,11:00:00,12:00:00,13:00:00,14:00:00,15:00:00,16:00:00,17:00:00,18:00:00,19:00:00,20:00:00,21:00:00,22:00:00,23:00:00
1,31.0,27,27.0,29.0,29.0,30.0,30.0,37.0,44.0,42.0,50.0,48.0,51.0,62.0,62.0,58.0,60.0,70,58,60,55.0,41,31,50.0
2,53.0,56,37.0,29.0,31.0,27.0,32.0,37.0,41.0,49.0,57.0,,59.0,64.0,65.0,61.0,57.0,62,65,74,82.0,61,43,34.0
3,27.0,29,33.0,32.0,38.0,48.0,54.0,59.0,73.0,82.0,86.0,89.0,83.0,73.0,66.0,65.0,59.0,59,68,80,100.0,48,48,63.0
4,42.0,35,33.0,23.0,26.0,22.0,23.0,27.0,37.0,45.0,36.0,34.0,33.0,37.0,44.0,57.0,64.0,70,74,77,76.0,51,40,54.0
5,,60,42.0,36.0,,30.0,31.0,38.0,,49.0,50.0,63.0,76.0,56.0,59.0,54.0,56.0,57,53,50,49.0,52,54,39.0
6,27.0,22,21.0,20.0,20.0,20.0,20.0,21.0,21.0,23.0,23.0,22.0,28.0,41.0,45.0,39.0,36.0,33,30,34,33.0,43,47,45.0
7,46.0,40,37.0,31.0,24.0,26.0,,,,65.0,68.0,40.0,32.0,36.0,37.0,35.0,33.0,35,36,37,44.0,48,40,44.0
8,40.0,32,20.0,19.0,19.0,19.0,20.0,21.0,24.0,28.0,21.0,23.0,26.0,23.0,28.0,39.0,40.0,37,36,38,41.0,34,43,36.0
9,24.0,19,19.0,19.0,19.0,19.0,19.0,22.0,23.0,25.0,28.0,19.0,28.0,35.0,34.0,39.0,36.0,22,27,26,31.0,32,38,36.0
10,26.0,19,20.0,22.0,19.0,19.0,22.0,23.0,30.0,41.0,43.0,47.0,34.0,26.0,25.0,24.0,23.0,26,24,25,32.0,38,40,42.0
11,35.0,27,21.0,19.0,19.0,20.0,23.0,25.0,31.0,37.0,36.0,36.0,41.0,38.0,39.0,39.0,36.0,39,39,42,35.0,28,26,22.0
12,22.0,19,19.0,19.0,19.0,19.0,20.0,19.0,28.0,20.0,20.0,28.0,33.0,26.0,32.0,24.0,22.0,21,21,22,30.0,30,19,20.0
13,19.0,19,19.0,19.0,19.0,19.0,20.0,21.0,25.0,34.0,30.0,30.0,28.0,26.0,25.0,29.0,23.0,21,29,38,56.0,28,33,32.0
14,32.0,19,19.0,19.0,19.0,19.0,20.0,24.0,23.0,30.0,35.0,35.0,38.0,23.0,31.0,32.0,22.0,21,24,36,40.0,22,19,19.0
15,19.0,19,19.0,18.0,18.0,19.0,19.0,21.0,22.0,26.0,22.0,28.0,27.0,28.0,29.0,31.0,32.0,38,27,34,36.0,40,44,24.0
16,20.0,19,19.0,19.0,20.0,21.0,21.0,30.0,34.0,40.0,38.0,,,,,,,22,35,30,76.0,75,59,19.0
17,28.0,22,,,,,,,,,21.0,45.0,45.0,33.0,35.0,40.0,42.0,54,56,64,64.0,53,56,42.0
18,34.0,31,24.0,21.0,22.0,22.0,25.0,28.0,33.0,36.0,34.0,36.0,43.0,40.0,44.0,43.0,42.0,42,44,57,66.0,54,33,27.0
19,27.0,24,25.0,27.0,26.0,27.0,26.0,29.0,32.0,33.0,38.0,37.0,32.0,,31.0,30.0,,26,28,30,,28,29,
20,24.0,24,25.0,26.0,30.0,33.0,36.0,36.0,43.0,43.0,44.0,43.0,45.0,41.0,36.0,36.0,39.0,36,41,54,60.0,66,48,41.0
21,33.0,26,28.0,30.0,27.0,27.0,29.0,32.0,30.0,33.0,30.0,36.0,37.0,36.0,32.0,32.0,28.0,29,36,50,45.0,48,43,28.0
22,27.0,28,25.0,26.0,23.0,28.0,28.0,28.0,32.0,36.0,35.0,34.0,35.0,35.0,42.0,42.0,32.0,29,34,41,42.0,48,47,43.0
23,44.0,39,35.0,38.0,32.0,34.0,28.0,32.0,32.0,39.0,42.0,45.0,42.0,37.0,36.0,35.0,36.0,38,33,31,36.0,37,35,36.0
24,38.0,34,28.0,27.0,26.0,30.0,27.0,30.0,34.0,37.0,39.0,38.0,34.0,30.0,28.0,30.0,33.0,32,36,40,41.0,40,42,31.0
25,32.0,33,,,,,,,,,,39.0,50.0,63.0,64.0,62.0,41.0,40,47,52,51.0,52,50,47.0
26,47.0,46,44.0,42.0,45.0,48.0,48.0,51.0,57.0,64.0,69.0,77.0,66.0,59.0,63.0,68.0,65.0,60,60,60,67.0,72,75,68.0
27,54.0,47,47.0,42.0,36.0,34.0,40.0,38.0,46.0,52.0,52.0,63.0,64.0,67.0,68.0,64.0,62.0,75,100,56,58.0,62,57,56.0
28,42.0,43,40.0,42.0,40.0,36.0,42.0,39.0,45.0,51.0,55.0,56.0,53.0,51.0,49.0,46.0,47.0,54,58,53,62.0,62,51,42.0
29,41.0,38,29.0,29.0,31.0,26.0,31.0,34.0,40.0,43.0,44.0,38.0,36.0,34.0,31.0,35.0,38.0,32,38,32,29.0,12,32,23.0
30,26.0,26,27.0,29.0,26.0,63.0,36.0,28.0,33.0,41.0,49.0,47.0,47.0,44.0,39.0,,39.0,34,84,30,36.0,34,28,31.0
"
"
July-2022,00:00:00,01:00:00,02:00:00,03:00:00,04:00:00,05:00:00,06:00:00,07:00:00,08:00:00,09:00:00,10:00:00,11:00:00,12:00:00,13:00:00,14:00:00,15:00:00,16:00:00,17:00:00,18:00:00,19:00:00,20:00:00,21:00:00,22:00:00,23:00:00
1,31.0,28.0,26.0,24.0,26.0,28.0,30.0,36.0,45.0,54.0,49.0,53.0,57.0,58.0,61.0,,,,60.0,52.0,48.0,112.0,43.0,40.0
2,41.0,46.0,43.0,46.0,40.0,48.0,46.0,50.0,48.0,47.0,50.0,47.0,47.0,49.0,54.0,69.0,68.0,58.0,78.0,106.0,99.0,100.0,96.0,92.0
3,72.0,69.0,65.0,61.0,57.0,54.0,52.0,53.0,49.0,50.0,54.0,62.0,62.0,53.0,42.0,42.0,37.0,37.0,40.0,47.0,54.0,54.0,53.0,56.0
4,56.0,49.0,42.0,47.0,44.0,29.0,20.0,20.0,24.0,32.0,34.0,39.0,34.0,39.0,,,,,,,,,,
5,,,,,,,,,,,,40.0,26.0,33.0,36.0,32.0,34.0,41.0,51.0,48.0,39.0,32.0,30.0,38.0
6,42.0,42.0,36.0,32.0,33.0,32.0,30.0,32.0,33.0,31.0,34.0,38.0,38.0,40.0,42.0,43.0,46.0,52.0,49.0,46.0,42.0,37.0,36.0,33.0
7,32.0,28.0,24.0,29.0,30.0,27.0,28.0,31.0,35.0,39.0,42.0,38.0,39.0,41.0,37.0,32.0,39.0,48.0,46.0,,44.0,31.0,30.0,24.0
8,22.0,24.0,28.0,28.0,26.0,27.0,27.0,33.0,40.0,38.0,36.0,47.0,47.0,46.0,46.0,39.0,31.0,30.0,42.0,43.0,48.0,51.0,51.0,44.0
9,34.0,36.0,38.0,42.0,43.0,41.0,46.0,40.0,35.0,36.0,37.0,38.0,36.0,35.0,39.0,40.0,36.0,39.0,35.0,37.0,33.0,38.0,36.0,38.0
10,32.0,31.0,30.0,30.0,27.0,26.0,24.0,25.0,24.0,24.0,24.0,29.0,30.0,31.0,36.0,30.0,28.0,36.0,34.0,33.0,34.0,33.0,35.0,27.0
11,20.0,24.0,26.0,28.0,35.0,35.0,35.0,35.0,32.0,37.0,46.0,48.0,42.0,45.0,42.0,39.0,22.0,21.0,23.0,26.0,21.0,14.0,8.0,6.0
12,15.0,16.0,17.0,18.0,20.0,21.0,19.0,21.0,18.0,18.0,,18.0,17.0,18.0,61.0,63.0,64.0,57.0,59.0,56.0,58.0,,44.0,45.0
13,,30.0,25.0,,27.0,29.0,,31.0,31.0,,54.0,50.0,51.0,,39.0,37.0,35.0,30.0,31.0,42.0,48.0,42.0,38.0,32.0
14,26.0,26.0,30.0,28.0,29.0,24.0,24.0,28.0,29.0,30.0,38.0,41.0,33.0,38.0,47.0,45.0,42.0,30.0,34.0,33.0,33.0,34.0,37.0,35.0
15,30.0,30.0,31.0,31.0,36.0,36.0,34.0,38.0,39.0,39.0,42.0,44.0,46.0,50.0,51.0,42.0,40.0,38.0,42.0,42.0,44.0,47.0,47.0,39.0
16,35.0,32.0,27.0,24.0,26.0,33.0,34.0,34.0,36.0,38.0,40.0,46.0,47.0,50.0,40.0,39.0,32.0,33.0,26.0,38.0,36.0,37.0,38.0,34.0
17,30.0,30.0,,,,,,,,,,,,,,,,,,,,,27.0,28.0
18,25.0,24.0,26.0,28.0,26.0,26.0,28.0,30.0,34.0,42.0,39.0,32.0,30.0,34.0,28.0,26.0,32.0,34.0,33.0,32.0,39.0,48.0,44.0,44.0
19,40.0,44.0,,,,,,,,,54.0,51.0,,46.0,48.0,40.0,41.0,45.0,50.0,49.0,44.0,50.0,48.0,42.0
20,43.0,41.0,34.0,32.0,32.0,36.0,41.0,43.0,51.0,51.0,50.0,58.0,60.0,60.0,64.0,67.0,66.0,57.0,56.0,64.0,68.0,74.0,66.0,57.0
21,49.0,35.0,26.0,29.0,25.0,24.0,26.0,33.0,40.0,44.0,48.0,48.0,,47.0,44.0,44.0,44.0,42.0,41.0,44.0,48.0,52.0,60.0,62.0
22,64.0,60.0,50.0,42.0,43.0,48.0,55.0,54.0,56.0,56.0,50.0,46.0,52.0,54.0,62.0,60.0,54.0,52.0,51.0,56.0,60.0,64.0,55.0,50.0
23,43.0,44.0,,,,,,,,,,58.0,50.0,51.0,55.0,57.0,63.0,64.0,58.0,44.0,42.0,33.0,34.0,30.0
24,38.0,39.0,,,,,,,,,,,,35.0,31.0,36.0,36.0,40.0,44.0,45.0,46.0,43.0,38.0,40.0
25,38.0,37.0,38.0,38.0,39.0,38.0,36.0,42.0,51.0,56.0,55.0,45.0,42.0,46.0,44.0,43.0,42.0,44.0,44.0,47.0,41.0,43.0,46.0,48.0
26,43.0,38.0,34.0,33.0,34.0,35.0,35.0,42.0,46.0,51.0,52.0,46.0,48.0,46.0,45.0,42.0,40.0,46.0,48.0,,,,,
27,,,,,,,,,,,49.0,56.0,51.0,46.0,46.0,48.0,41.0,44.0,56.0,48.0,55.0,40.0,60.0,67.0
28,60.0,53.0,,,,,,,,,,68.0,86.0,63.0,74.0,85.0,54.0,,,52.0,42.0,37.0,46.0,65.0
29,66.0,66.0,,,,,,,63.0,63.0,96.0,101.0,86.0,74.0,64.0,55.0,61.0,59.0,65.0,78.0,91.0,105.0,90.0,98.0
30,46.0,46.0,,,,,,,39.0,38.0,34.0,30.0,29.0,30.0,37.0,41.0,34.0,34.0,34.0,40.0,46.0,47.0,46.0,36.0
31,25.0,20.0,17.0,,,26.0,27.0,30.0,39.0,25.0,29.0,30.0,32.0,29.0,35.0,39.0,47.0,42.0,45.0,52.0,66.0,65.0,82.0,93.0
"
"
August-2022,00:00:00,01:00:00,02:00:00,03:00:00,04:00:00,05:00:00,06:00:00,07:00:00,08:00:00,09:00:00,10:00:00,11:00:00,12:00:00,13:00:00,14:00:00,15:00:00,16:00:00,17:00:00,18:00:00,19:00:00,20:00:00,21:00:00,22:00:00,23:00:00
1,67.0,42.0,40.0,30.0,34.0,28.0,18.0,20.0,22.0,28.0,26.0,25.0,24.0,23.0,33.0,32.0,24.0,32.0,39.0,32.0,36.0,60.0,86.0,56.0
2,36.0,29.0,21.0,20.0,19.0,22.0,20.0,20.0,26.0,28.0,32.0,25.0,24.0,25.0,29.0,24.0,32.0,35.0,48.0,50.0,57.0,47.0,65.0,39.0
3,33.0,27.0,28.0,26.0,25.0,23.0,22.0,27.0,35.0,32.0,35.0,28.0,25.0,21.0,23.0,31.0,22.0,32.0,53.0,40.0,45.0,54.0,55.0,77.0
4,60.0,67.0,46.0,28.0,25.0,,24.0,31.0,46.0,,,37.0,37.0,33.0,31.0,30.0,63.0,56.0,48.0,37.0,28.0,25.0,28.0,32.0
5,27.0,33.0,,,,,,,,,,29.0,35.0,33.0,26.0,21.0,22.0,35.0,22.0,20.0,18.0,32.0,27.0,26.0
6,24.0,24.0,25.0,22.0,25.0,23.0,23.0,,27.0,31.0,32.0,34.0,36.0,38.0,32.0,28.0,25.0,29.0,32.0,34.0,26.0,23.0,26.0,26.0
7,26.0,26.0,23.0,24.0,26.0,25.0,24.0,28.0,28.0,25.0,30.0,30.0,35.0,35.0,30.0,32.0,28.0,27.0,26.0,30.0,28.0,30.0,29.0,29.0
8,31.0,29.0,23.0,21.0,23.0,26.0,30.0,28.0,39.0,58.0,39.0,38.0,35.0,30.0,34.0,36.0,44.0,52.0,59.0,52.0,53.0,53.0,51.0,45.0
9,42.0,39.0,39.0,35.0,38.0,35.0,,35.0,41.0,44.0,50.0,51.0,50.0,56.0,56.0,54.0,54.0,58.0,,65.0,54.0,58.0,54.0,35.0
10,35.0,37.0,,,,,,,,,48.0,50.0,58.0,54.0,62.0,49.0,54.0,44.0,55.0,57.0,57.0,58.0,49.0,48.0
11,38.0,37.0,35.0,33.0,33.0,36.0,36.0,41.0,42.0,52.0,55.0,53.0,53.0,52.0,51.0,48.0,46.0,47.0,49.0,52.0,54.0,52.0,43.0,38.0
12,29.0,34.0,33.0,28.0,26.0,25.0,28.0,32.0,38.0,38.0,40.0,42.0,42.0,44.0,46.0,42.0,46.0,45.0,46.0,46.0,52.0,56.0,59.0,45.0
13,40.0,31.0,23.0,22.0,25.0,26.0,26.0,28.0,29.0,39.0,43.0,43.0,45.0,46.0,51.0,50.0,46.0,52.0,52.0,49.0,45.0,50.0,56.0,48.0
14,36.0,36.0,32.0,33.0,34.0,36.0,36.0,34.0,42.0,42.0,52.0,56.0,64.0,44.0,42.0,40.0,36.0,41.0,41.0,40.0,42.0,42.0,44.0,44.0
15,42.0,38.0,32.0,34.0,32.0,35.0,41.0,38.0,42.0,48.0,48.0,41.0,38.0,38.0,39.0,39.0,41.0,42.0,43.0,41.0,48.0,54.0,62.0,57.0
16,50.0,46.0,36.0,32.0,34.0,36.0,40.0,43.0,46.0,50.0,55.0,55.0,54.0,51.0,57.0,55.0,58.0,61.0,68.0,60.0,65.0,80.0,86.0,101.0
17,76.0,49.0,37.0,38.0,36.0,35.0,39.0,35.0,42.0,58.0,61.0,74.0,84.0,79.0,65.0,61.0,62.0,66.0,70.0,68.0,72.0,85.0,84.0,58.0
18,47.0,52.0,42.0,43.0,31.0,29.0,32.0,29.0,33.0,38.0,43.0,44.0,43.0,39.0,48.0,49.0,48.0,50.0,54.0,66.0,69.0,64.0,62.0,57.0
19,51.0,54.0,40.0,34.0,30.0,37.0,37.0,44.0,57.0,48.0,44.0,48.0,44.0,41.0,44.0,48.0,50.0,52.0,55.0,53.0,57.0,60.0,60.0,48.0
20,40.0,38.0,36.0,32.0,33.0,30.0,32.0,36.0,43.0,48.0,50.0,52.0,49.0,56.0,56.0,51.0,55.0,67.0,68.0,68.0,53.0,63.0,59.0,53.0
21,43.0,42.0,37.0,36.0,34.0,32.0,27.0,34.0,56.0,,40.0,45.0,,40.0,37.0,38.0,28.0,32.0,32.0,35.0,38.0,41.0,43.0,40.0
22,33.0,32.0,32.0,30.0,28.0,30.0,27.0,28.0,32.0,36.0,39.0,40.0,43.0,48.0,50.0,44.0,40.0,39.0,48.0,42.0,42.0,36.0,53.0,43.0
23,31.0,30.0,28.0,27.0,28.0,30.0,,28.0,29.0,,37.0,39.0,44.0,50.0,46.0,47.0,44.0,54.0,79.0,72.0,50.0,46.0,47.0,40.0
24,34.0,34.0,26.0,26.0,29.0,28.0,32.0,30.0,36.0,37.0,38.0,38.0,38.0,32.0,32.0,33.0,40.0,38.0,48.0,57.0,38.0,34.0,26.0,27.0
25,22.0,22.0,23.0,23.0,,,,,,,,,38.0,39.0,38.0,39.0,39.0,40.0,38.0,41.0,46.0,66.0,54.0,35.0
26,34.0,25.0,24.0,24.0,30.0,27.0,29.0,24.0,27.0,32.0,28.0,30.0,32.0,34.0,36.0,37.0,38.0,30.0,37.0,35.0,36.0,33.0,35.0,37.0
27,40.0,35.0,32.0,37.0,25.0,19.0,21.0,22.0,24.0,27.0,29.0,28.0,25.0,26.0,35.0,32.0,36.0,26.0,28.0,35.0,40.0,40.0,30.0,29.0
28,28.0,26.0,21.0,19.0,18.0,17.0,20.0,21.0,27.0,33.0,28.0,25.0,26.0,29.0,25.0,24.0,23.0,20.0,22.0,26.0,36.0,38.0,42.0,38.0
29,46.0,40.0,38.0,36.0,36.0,36.0,36.0,,,,,,,,,,,,,,,,,
30,,,,,,,,,,,,,,,,,,,,77.0,93.0,106.0,103.0,86.0
31,69.0,61.0,60.0,58.0,44.0,27.0,26.0,34.0,44.0,53.0,68.0,82.0,74.0,60.0,57.0,57.0,58.0,51.0,48.0,47.0,53.0,47.0,61.0,56.0
"
"
September-2022,00:00:00,01:00:00,02:00:00,03:00:00,04:00:00,05:00:00,06:00:00,07:00:00,08:00:00,09:00:00,10:00:00,11:00:00,12:00:00,13:00:00,14:00:00,15:00:00,16:00:00,17:00:00,18:00:00,19:00:00,20:00:00,21:00:00,22:00:00,23:00:00
1,48.0,39.0,41.0,36.0,31.0,37.0,33.0,35.0,41.0,46.0,41.0,38.0,42.0,37.0,38.0,40.0,45.0,46.0,37.0,35.0,55.0,44.0,45.0,51.0
2,51.0,44.0,45.0,48.0,49.0,47.0,50.0,51.0,52.0,48.0,41.0,34.0,,42.0,42.0,40.0,62.0,61.0,64.0,80.0,82.0,94.0,110.0,100.0
3,83.0,88.0,,,,,,,,,,,78.0,73.0,73.0,72.0,76.0,88.0,82.0,88.0,87.0,71.0,60.0,69.0
4,37.0,31.0,38.0,35.0,39.0,42.0,30.0,29.0,27.0,27.0,28.0,33.0,39.0,44.0,39.0,35.0,40.0,31.0,35.0,48.0,50.0,48.0,30.0,26.0
5,34.0,30.0,33.0,25.0,28.0,23.0,21.0,24.0,26.0,24.0,23.0,24.0,30.0,31.0,35.0,53.0,53.0,,55.0,58.0,51.0,44.0,32.0,37.0
6,38.0,37.0,35.0,28.0,32.0,27.0,27.0,30.0,38.0,45.0,44.0,34.0,40.0,37.0,36.0,44.0,35.0,33.0,37.0,44.0,57.0,25.0,38.0,32.0
7,24.0,25.0,26.0,21.0,21.0,23.0,28.0,24.0,28.0,29.0,26.0,26.0,25.0,27.0,26.0,,33.0,21.0,36.0,34.0,26.0,33.0,25.0,21.0
8,21.0,18.0,18.0,22.0,18.0,17.0,20.0,20.0,27.0,31.0,34.0,31.0,33.0,30.0,31.0,28.0,27.0,27.0,28.0,34.0,38.0,36.0,31.0,21.0
9,26.0,30.0,28.0,26.0,,,,,,,,,,33.0,28.0,29.0,30.0,30.0,24.0,27.0,30.0,30.0,30.0,28.0
10,25.0,25.0,,,,,,,,,,36.0,34.0,38.0,34.0,36.0,33.0,31.0,31.0,32.0,32.0,32.0,36.0,
11,,,,,,,,,,,,,39.0,47.0,46.0,37.0,36.0,42.0,35.0,39.0,49.0,54.0,48.0,43.0
12,38.0,36.0,36.0,34.0,30.0,33.0,36.0,40.0,40.0,38.0,47.0,51.0,54.0,,,,,,58.0,54.0,52.0,46.0,47.0,46.0
13,46.0,47.0,,,,,,,,,,,42.0,47.0,47.0,43.0,37.0,38.0,40.0,42.0,37.0,38.0,31.0,30.0
14,26.0,24.0,24.0,27.0,28.0,32.0,32.0,33.0,32.0,34.0,36.0,34.0,34.0,38.0,43.0,42.0,37.0,32.0,35.0,36.0,38.0,42.0,39.0,32.0
15,33.0,29.0,27.0,32.0,30.0,29.0,,,,,,,,,53.0,42.0,28.0,23.0,48.0,70.0,61.0,63.0,59.0,48.0
16,42.0,,,,,,,,,45.0,46.0,41.0,40.0,42.0,44.0,36.0,41.0,49.0,43.0,45.0,36.0,53.0,59.0,54.0
17,45.0,50.0,38.0,35.0,,,,,,43.0,50.0,,44.0,45.0,34.0,33.0,,51.0,47.0,48.0,55.0,55.0,50.0,47.0
18,42.0,40.0,34.0,36.0,38.0,34.0,35.0,40.0,44.0,46.0,53.0,55.0,48.0,60.0,43.0,41.0,39.0,42.0,46.0,48.0,51.0,37.0,40.0,36.0
19,38.0,36.0,35.0,36.0,33.0,37.0,36.0,34.0,43.0,46.0,47.0,44.0,45.0,42.0,48.0,49.0,51.0,47.0,45.0,56.0,57.0,62.0,60.0,57.0
20,40.0,37.0,36.0,36.0,41.0,42.0,41.0,45.0,48.0,60.0,57.0,61.0,54.0,52.0,52.0,52.0,51.0,55.0,55.0,72.0,63.0,63.0,56.0,49.0
21,41.0,35.0,43.0,48.0,41.0,42.0,42.0,42.0,45.0,49.0,47.0,51.0,44.0,53.0,54.0,66.0,55.0,62.0,65.0,58.0,64.0,190.0,92.0,80.0
22,62.0,62.0,,,,,,,,61.0,64.0,,73.0,47.0,46.0,54.0,52.0,57.0,55.0,60.0,67.0,74.0,82.0,53.0
23,58.0,60.0,39.0,41.0,43.0,42.0,44.0,47.0,53.0,75.0,,,,,,,,,,,,,,
24,,,,,,,,,,,,48.0,58.0,35.0,38.0,34.0,33.0,34.0,33.0,42.0,42.0,37.0,39.0,37.0
25,34.0,,,,,,,,,,49.0,44.0,43.0,28.0,33.0,28.0,29.0,26.0,31.0,34.0,48.0,56.0,47.0,51.0
26,51.0,62.0,58.0,36.0,36.0,37.0,36.0,39.0,42.0,43.0,38.0,42.0,61.0,100.0,76.0,43.0,53.0,63.0,45.0,48.0,46.0,39.0,47.0,35.0
27,34.0,30.0,30.0,32.0,32.0,32.0,33.0,48.0,78.0,50.0,46.0,48.0,52.0,53.0,74.0,83.0,50.0,86.0,88.0,55.0,56.0,58.0,67.0,55.0
28,46.0,46.0,48.0,61.0,49.0,42.0,40.0,43.0,48.0,48.0,49.0,60.0,74.0,94.0,112.0,115.0,74.0,82.0,52.0,55.0,45.0,59.0,76.0,76.0
29,58.0,46.0,37.0,34.0,36.0,36.0,40.0,38.0,40.0,41.0,35.0,32.0,71.0,80.0,77.0,70.0,81.0,57.0,54.0,50.0,52.0,45.0,56.0,67.0
30,75.0,66.0,48.0,32.0,25.0,25.0,24.0,27.0,37.0,42.0,44.0,42.0,39.0,41.0,81.0,70.0,,,,,,,,46.0
"
"
October-2022,00:00:00,01:00:00,02:00:00,03:00:00,04:00:00,05:00:00,06:00:00,07:00:00,08:00:00,09:00:00,10:00:00,11:00:00,12:00:00,13:00:00,14:00:00,15:00:00,16:00:00,17:00:00,18:00:00,19:00:00,20:00:00,21:00:00,22:00:00,23:00:00
1,,,,,,,,,,,,40.0,40.0,47.0,42.0,55.0,63.0,52.0,34.0,45.0,48.0,35.0,36.0,34.0
2,31.0,31.0,29.0,34.0,56.0,58.0,51.0,39.0,42.0,,,,,,,,,,,,,,,
3,,,,,,,,,,,,,,125.0,161.0,144.0,135.0,153.0,98.0,114.0,91.0,307.0,69.0,70.0
4,75.0,81.0,73.0,59.0,53.0,43.0,41.0,44.0,45.0,43.0,92.0,208.0,251.0,249.0,244.0,93.0,194.0,308.0,310.0,302.0,127.0,75.0,76.0,77.0
5,66.0,68.0,66.0,68.0,66.0,56.0,50.0,47.0,46.0,52.0,56.0,66.0,63.0,,,,,,,,,,,
6,,,,,,,,,,,,,,,,,,,,,,,,
7,,,,,,,,,,,,,,,,,,,,,,,,
8,,,,,,,,,,,,,,,,,,,,,,,,
9,,,,,,,,,,,,,,,,,,,,,,,,
10,,,,,,,,,,,,,,,,,,,,,,,,
11,,,,,,,,,,,,,,,,,,,,,,,,
12,,,,,,,,,,,,,,,,,,,,,,,,
13,,,,,,,,,,,,,,,,,,,,,,,,
14,,,,,,,,,,,,,,,,,,,,,,,,
15,,,,,,,,,,,,,,,,,,,,,,,,
16,,,,,,,,,,,,,,,,,,,,,,,,
17,,,,,,,,,,,,,,,,,,44.0,68.0,68.0,77.0,70.0,44.0,48.0
18,48.0,52.0,34.0,39.0,40.0,44.0,52.0,56.0,43.0,47.0,41.0,58.0,94.0,109.0,95.0,242.0,107.0,59.0,38.0,54.0,94.0,75.0,77.0,82.0
19,54.0,37.0,26.0,30.0,33.0,28.0,27.0,30.0,37.0,39.0,48.0,82.0,70.0,65.0,78.0,61.0,74.0,41.0,56.0,65.0,68.0,77.0,67.0,44.0
20,37.0,28.0,32.0,51.0,55.0,24.0,26.0,35.0,36.0,48.0,58.0,97.0,198.0,210.0,181.0,229.0,206.0,105.0,64.0,59.0,57.0,68.0,76.0,69.0
21,65.0,,,,,,,,,,,60.0,56.0,56.0,74.0,53.0,55.0,55.0,67.0,74.0,69.0,68.0,68.0,78.0
22,78.0,68.0,55.0,52.0,44.0,45.0,52.0,63.0,78.0,84.0,78.0,81.0,77.0,,,,,,,,,,,
23,,,,,,,,,,73.0,185.0,118.0,187.0,309.0,315.0,313.0,144.0,135.0,135.0,106.0,81.0,96.0,133.0,151.0
24,105.0,126.0,129.0,112.0,140.0,154.0,150.0,154.0,161.0,151.0,148.0,158.0,113.0,103.0,298.0,105.0,95.0,97.0,94.0,78.0,104.0,326.0,442.0,406.0
25,325.0,230.0,129.0,98.0,94.0,90.0,90.0,93.0,112.0,105.0,88.0,73.0,69.0,76.0,136.0,158.0,98.0,68.0,68.0,76.0,96.0,163.0,278.0,344.0
26,411.0,432.0,372.0,346.0,321.0,231.0,128.0,115.0,142.0,168.0,114.0,97.0,93.0,94.0,92.0,118.0,94.0,94.0,94.0,103.0,144.0,222.0,188.0,270.0
27,150.0,102.0,90.0,91.0,79.0,66.0,66.0,78.0,102.0,122.0,103.0,71.0,59.0,58.0,60.0,62.0,61.0,62.0,65.0,76.0,102.0,113.0,113.0,107.0
28,114.0,96.0,76.0,76.0,69.0,72.0,71.0,72.0,94.0,111.0,100.0,82.0,74.0,,,,,,,,,,,
29,,,,,,,,,,87.0,88.0,84.0,77.0,85.0,78.0,77.0,78.0,89.0,98.0,98.0,102.0,115.0,97.0,97.0
30,81.0,61.0,49.0,47.0,39.0,43.0,55.0,68.0,72.0,83.0,91.0,91.0,92.0,86.0,78.0,60.0,58.0,62.0,67.0,80.0,82.0,92.0,83.0,87.0
31,87.0,93.0,91.0,90.0,97.0,106.0,113.0,,,,123.0,110.0,102.0,100.0,92.0,88.0,89.0,97.0,105.0,,112.0,114.0,131.0,145.0
"
"
November-2022,00:00:00,01:00:00,02:00:00,03:00:00,04:00:00,05:00:00,06:00:00,07:00:00,08:00:00,09:00:00,10:00:00,11:00:00,12:00:00,13:00:00,14:00:00,15:00:00,16:00:00,17:00:00,18:00:00,19:00:00,20:00:00,21:00:00,22:00:00,23:00:00
1,143.0,132.0,117.0,109.0,111.0,109.0,118.0,124.0,153.0,134.0,98.0,59.0,59.0,82.0,82.0,40.0,40.0,38.0,34.0,40.0,40.0,33.0,28.0,28.0
2,30.0,30.0,24.0,23.0,23.0,23.0,25.0,28.0,38.0,44.0,47.0,46.0,44.0,58.0,50.0,43.0,42.0,47.0,41.0,48.0,45.0,46.0,40.0,39.0
3,38.0,39.0,37.0,32.0,31.0,32.0,35.0,,53.0,64.0,64.0,,52.0,62.0,56.0,,43.0,41.0,45.0,,61.0,64.0,74.0,
4,55.0,51.0,45.0,42.0,45.0,40.0,43.0,46.0,51.0,62.0,61.0,,49.0,46.0,43.0,48.0,54.0,59.0,57.0,68.0,78.0,78.0,70.0,59.0
5,57.0,47.0,47.0,43.0,45.0,38.0,37.0,44.0,58.0,66.0,74.0,63.0,61.0,58.0,62.0,60.0,64.0,71.0,79.0,81.0,84.0,71.0,82.0,78.0
6,64.0,60.0,48.0,44.0,40.0,49.0,47.0,52.0,60.0,68.0,77.0,72.0,69.0,67.0,63.0,68.0,73.0,80.0,97.0,119.0,121.0,151.0,113.0,114.0
7,117.0,111.0,104.0,114.0,128.0,130.0,121.0,98.0,114.0,136.0,125.0,107.0,97.0,90.0,85.0,76.0,70.0,70.0,74.0,95.0,120.0,140.0,131.0,110.0
8,105.0,101.0,97.0,100.0,115.0,128.0,96.0,96.0,118.0,124.0,101.0,85.0,64.0,65.0,64.0,58.0,62.0,64.0,68.0,87.0,,109.0,106.0,89.0
9,84.0,86.0,88.0,95.0,100.0,100.0,108.0,128.0,122.0,123.0,110.0,105.0,96.0,80.0,78.0,79.0,72.0,71.0,76.0,105.0,119.0,134.0,137.0,154.0
10,119.0,109.0,105.0,102.0,119.0,139.0,131.0,162.0,132.0,138.0,118.0,95.0,90.0,70.0,70.0,58.0,55.0,58.0,80.0,79.0,69.0,78.0,84.0,87.0
11,88.0,78.0,77.0,75.0,76.0,92.0,99.0,102.0,135.0,128.0,154.0,158.0,186.0,252.0,216.0,199.0,153.0,149.0,163.0,162.0,182.0,173.0,175.0,113.0
12,98.0,107.0,102.0,94.0,94.0,98.0,65.0,48.0,59.0,62.0,60.0,48.0,48.0,45.0,47.0,42.0,39.0,44.0,39.0,,,,,
13,,,,,,,,,,,,,,,,,,,,,,,,
14,,,,,,,,,,,,,,,,,,,,,,,,
15,,,,,,,,,,,,,,,,,,,,,,,,
16,,,,,,,,,,,,,,,,,,,,,,,,
17,,,,,,,,,,,,,,,,,,,,,113.0,113.0,118.0,150.0
18,109.0,100.0,79.0,73.0,78.0,80.0,85.0,83.0,125.0,164.0,101.0,102.0,81.0,78.0,68.0,63.0,48.0,60.0,63.0,86.0,112.0,121.0,101.0,109.0
19,113.0,100.0,86.0,88.0,95.0,102.0,108.0,114.0,125.0,122.0,125.0,108.0,84.0,78.0,73.0,76.0,64.0,75.0,78.0,91.0,104.0,108.0,117.0,125.0
20,103.0,94.0,94.0,82.0,92.0,110.0,109.0,89.0,99.0,132.0,93.0,83.0,83.0,70.0,66.0,70.0,68.0,83.0,85.0,98.0,132.0,167.0,180.0,132.0
21,143.0,153.0,,,,,,,,,,92.0,80.0,75.0,66.0,61.0,56.0,64.0,75.0,85.0,103.0,129.0,121.0,99.0
22,96.0,96.0,61.0,64.0,67.0,64.0,42.0,46.0,55.0,52.0,48.0,47.0,52.0,50.0,52.0,,,,,,,,50.0,38.0
23,35.0,30.0,22.0,12.0,12.0,18.0,19.0,24.0,35.0,54.0,47.0,38.0,28.0,25.0,24.0,28.0,28.0,,18.0,26.0,26.0,28.0,44.0,42.0
24,37.0,45.0,36.0,17.0,16.0,16.0,18.0,23.0,44.0,34.0,34.0,43.0,47.0,38.0,48.0,46.0,48.0,49.0,58.0,76.0,94.0,102.0,111.0,108.0
25,97.0,85.0,88.0,113.0,100.0,79.0,77.0,75.0,84.0,105.0,118.0,100.0,74.0,64.0,58.0,58.0,57.0,,,,,,,
26,,,,,,,,,,,,,,,,,,,,,,,,
27,,,,,,,,,,,,,,,,,,,,,,,,
28,,,,,,,,,,,,,,,,,,,,,,,,
29,,,,,,,,,,,,,,,,,,100.0,108.0,118.0,145.0,170.0,138.0,132.0
30,144.0,176.0,149.0,162.0,146.0,135.0,160.0,214.0,202.0,217.0,202.0,157.0,,2.0,74.0,,,,,,,,,
"
"
December-2022,00:00:00,01:00:00,02:00:00,03:00:00,04:00:00,05:00:00,06:00:00,07:00:00,08:00:00,09:00:00,10:00:00,11:00:00,12:00:00,13:00:00,14:00:00,15:00:00,16:00:00,17:00:00,18:00:00,19:00:00,20:00:00,21:00:00,22:00:00,23:00:00
1,,,,,,,,,,205.0,236,144.0,104.0,94.0,97.0,94.0,84.0,75.0,80.0,82.0,83.0,91.0,96.0,94.0
2,90.0,92.0,101.0,99.0,82.0,56.0,,40.0,57.0,69.0,78,85.0,80.0,60.0,56.0,52.0,56.0,63.0,74.0,75.0,,108.0,94.0,72.0
3,58.0,47.0,36.0,32.0,31.0,30.0,29.0,33.0,38.0,46.0,52,51.0,50.0,47.0,47.0,44.0,39.0,52.0,67.0,,,76.0,65.0,54.0
4,44.0,36.0,31.0,29.0,27.0,26.0,27.0,30.0,46.0,47.0,49,52.0,42.0,39.0,40.0,35.0,34.0,36.0,46.0,52.0,64.0,64.0,72.0,66.0
5,70.0,67.0,66.0,64.0,59.0,60.0,68.0,73.0,86.0,103.0,105,103.0,104.0,92.0,87.0,82.0,90.0,110.0,94.0,107.0,118.0,127.0,129.0,121.0
6,106.0,101.0,92.0,96.0,96.0,92.0,99.0,103.0,112.0,125.0,124,117.0,108.0,101.0,96.0,82.0,79.0,87.0,,,,363.0,500.0,500.0
7,110.0,110.0,110.0,114.0,110.0,102.0,106.0,111.0,124.0,121.0,117,500.0,93.0,78.0,78.0,74.0,77.0,,,,,327.0,500.0,116.0
8,105.0,102.0,102.0,104.0,88.0,85.0,87.0,91.0,101.0,108.0,111,366.0,500.0,123.0,87.0,78.0,108.0,149.0,101.0,102.0,106.0,104.0,104.0,96.0
9,90.0,62.0,66.0,75.0,84.0,92.0,87.0,90.0,103.0,113.0,106,104.0,109.0,134.0,123.0,111.0,93.0,83.0,76.0,77.0,78.0,82.0,78.0,67.0
10,60.0,56.0,59.0,50.0,31.0,22.0,19.0,19.0,21.0,20.0,18,35.0,27.0,32.0,52.0,52.0,57.0,61.0,66.0,38.0,25.0,29.0,10.0,5.0
11,4.0,5.0,4.0,4.0,4.0,3.0,6.0,14.0,22.0,17.0,58,57.0,43.0,44.0,252.0,53.0,56.0,,,,,,,
12,,,,,,,,,,500.0,500,500.0,67.0,47.0,63.0,53.0,44.0,51.0,64.0,70.0,,,,
13,,,,,,,,,,,355,500.0,53.0,43.0,55.0,40.0,47.0,,51.0,52.0,45.0,40.0,31.0,27.0
14,28.0,23.0,22.0,25.0,20.0,20.0,23.0,29.0,36.0,41.0,39,39.0,,,,,30.0,33.0,52.0,63.0,103.0,94.0,117.0,108.0
15,82.0,48.0,38.0,34.0,30.0,33.0,41.0,52.0,62.0,71.0,77,72.0,47.0,44.0,50.0,48.0,46.0,62.0,58.0,67.0,93.0,114.0,132.0,115.0
16,112.0,111.0,112.0,76.0,66.0,68.0,65.0,78.0,109.0,130.0,110,76.0,55.0,48.0,58.0,47.0,42.0,55.0,47.0,68.0,102.0,120.0,117.0,108.0
17,85.0,84.0,72.0,69.0,74.0,76.0,74.0,90.0,102.0,105.0,92,72.0,66.0,56.0,51.0,50.0,56.0,62.0,65.0,74.0,102.0,108.0,106.0,103.0
18,93.0,98.0,91.0,91.0,94.0,94.0,99.0,104.0,110.0,114.0,113,103.0,91.0,82.0,87.0,,,500.0,500.0,92.0,98.0,102.0,108.0,107.0
19,103.0,103.0,94.0,90.0,92.0,92.0,89.0,94.0,102.0,110.0,108,106.0,100.0,94.0,94.0,88.0,84.0,85.0,87.0,102.0,120.0,131.0,127.0,114.0
20,,,,,,,,,,114.0,117,109.0,77.0,156.0,60.0,56.0,50.0,48.0,56.0,90.0,101.0,101.0,78.0,
21,91.0,86.0,80.0,70.0,68.0,67.0,62.0,61.0,65.0,78.0,88,69.0,71.0,106.0,55.0,34.0,33.0,43.0,52.0,67.0,87.0,103.0,88.0,77.0
22,65.0,58.0,58.0,54.0,65.0,56.0,52.0,56.0,76.0,93.0,93,64.0,49.0,124.0,103.0,61.0,53.0,89.0,76.0,73.0,98.0,102.0,94.0,84.0
23,84.0,87.0,84.0,78.0,86.0,87.0,85.0,88.0,102.0,110.0,114,106.0,84.0,76.0,,326.0,500.0,500.0,60.0,76.0,103.0,116.0,127.0,104.0
24,94.0,89.0,83.0,77.0,75.0,77.0,87.0,96.0,106.0,118.0,122,107.0,90.0,69.0,242.0,89.0,60.0,59.0,72.0,86.0,90.0,81.0,70.0,72.0
25,73.0,70.0,71.0,70.0,73.0,76.0,70.0,66.0,67.0,70.0,65,64.0,58.0,49.0,49.0,36.0,42.0,44.0,33.0,38.0,34.0,29.0,29.0,28.0
26,28.0,28.0,27.0,25.0,23.0,24.0,24.0,31.0,41.0,36.0,38,,42.0,42.0,46.0,54.0,51.0,45.0,333.0,59.0,68.0,63.0,56.0,44.0
27,43.0,36.0,28.0,25.0,23.0,22.0,26.0,31.0,,51.0,54,58.0,63.0,61.0,53.0,51.0,,51.0,323.0,475.0,44.0,42.0,54.0,60.0
28,56.0,40.0,31.0,32.0,28.0,32.0,35.0,51.0,60.0,60.0,64,72.0,62.0,55.0,50.0,43.0,43.0,48.0,52.0,64.0,78.0,80.0,68.0,58.0
29,58.0,53.0,42.0,35.0,35.0,36.0,38.0,37.0,40.0,49.0,58,60.0,51.0,49.0,83.0,156.0,148.0,91.0,82.0,100.0,92.0,93.0,87.0,74.0
30,66.0,60.0,54.0,46.0,45.0,46.0,44.0,52.0,62.0,88.0,93,74.0,62.0,52.0,45.0,56.0,127.0,104.0,82.0,99.0,102.0,106.0,98.0,92.0
31,92.0,91.0,75.0,74.0,66.0,,,,,363.0,500,500.0,63.0,56.0,49.0,44.0,39.0,46.0,52.0,72.0,111.0,130.0,125.0,116.0
"
"
Year,2023
January-2023,00:00:00,01:00:00,02:00:00,03:00:00,04:00:00,05:00:00,06:00:00,07:00:00,08:00:00,09:00:00,10:00:00,11:00:00,12:00:00,13:00:00,14:00:00,15:00:00,16:00:00,17:00:00,18:00:00,19:00:00,20:00:00,21:00:00,22:00:00,23:00:00
1,102,80.0,85.0,86.0,84.0,84.0,87.0,90.0,99.0,110.0,108,79,64,52,48.0,48.0,43.0,40.0,53,64,83,99,104,96
2,84,77.0,72.0,80.0,88.0,83.0,88.0,92.0,105.0,117.0,117,98,76,140,81.0,93.0,108.0,54.0,70,100,92,84,79,80
3,75,65.0,60.0,64.0,76.0,77.0,79.0,90.0,90.0,94.0,104,96,83,78,72.0,69.0,66.0,106.0,86,91,106,110,120,117
4,95,72.0,67.0,62.0,61.0,68.0,70.0,76.0,85.0,94.0,106,104,97,78,70.0,68.0,71.0,83.0,86,90,98,103,110,104
5,100,76.0,67.0,58.0,56.0,55.0,57.0,66.0,74.0,78.0,82,76,70,92,,,361.0,500.0,103,101,101,96,80,73
6,70,69.0,62.0,63.0,64.0,68.0,68.0,74.0,80.0,102.0,102,97,94,96,88.0,80.0,150.0,99.0,86,89,94,92,90,92
7,90,88.0,88.0,85.0,86.0,82.0,82.0,86.0,93.0,103.0,102,88,84,83,83.0,86.0,95.0,102.0,92,101,110,108,107,107
8,108,109.0,107.0,109.0,106.0,96.0,96.0,105.0,110.0,118.0,126,120,107,106,98.0,93.0,87.0,80.0,87,98,119,120,114,114
9,109,107.0,106.0,102.0,103.0,101.0,103.0,111.0,128.0,152.0,158,122,100,76,69.0,62.0,60.0,63.0,69,98,118,140,149,136
10,117,121.0,105.0,94.0,87.0,95.0,94.0,93.0,106.0,119.0,111,107,92,260,152.0,94.0,63.0,67.0,103,118,116,121,117,109
11,103,148.0,150.0,133.0,149.0,189.0,84.0,93.0,104.0,114.0,110,66,189,310,303.0,182.0,186.0,106.0,90,114,126,144,130,112
12,108,107.0,110.0,108.0,102.0,105.0,113.0,114.0,118.0,120.0,118,179,192,235,165.0,291.0,66.0,54.0,65,90,136,138,120,105
13,96,,,,,,,,,,170,137,265,285,316.0,312.0,305.0,213.0,111,103,124,142,130,104
14,90,79.0,85.0,84.0,92.0,94.0,106.0,126.0,152.0,197.0,224,156,104,79,55.0,46.0,49.0,49.0,103,121,134,150,149,131
15,113,112.0,98.0,78.0,83.0,88.0,91.0,100.0,114.0,132.0,137,87,66,52,39.0,38.0,41.0,44.0,53,73,100,104,96,84
16,73,64.0,54.0,50.0,56.0,72.0,98.0,83.0,98.0,120.0,122,282,321,325,312.0,300.0,79.0,68.0,84,104,113,135,104,85
17,85,72.0,72.0,66.0,66.0,72.0,91.0,103.0,115.0,120.0,136,143,122,80,56.0,56.0,50.0,53.0,61,95,107,103,92,83
18,67,55.0,42.0,39.0,42.0,40.0,51.0,72.0,70.0,59.0,71,81,89,144,273.0,98.0,94.0,80.0,78,93,110,114,107,106
19,96,82.0,85.0,86.0,86.0,89.0,90.0,92.0,108.0,117.0,128,112,84,58,275.0,75.0,308.0,242.0,124,107,111,116,115,109
20,104,89.0,81.0,74.0,70.0,73.0,78.0,85.0,104.0,107.0,101,96,87,88,93.0,,,,85,89,100,104,114,114
21,107,,,88.0,86.0,79.0,83.0,90.0,94.0,97.0,105,99,90,98,110.0,109.0,105.0,71.0,77,90,109,130,126,116
22,104,100.0,89.0,82.0,80.0,81.0,88.0,107.0,111.0,104.0,104,92,82,72,65.0,64.0,64.0,64.0,70,77,96,96,94,88
23,83,83.0,80.0,73.0,72.0,69.0,64.0,69.0,83.0,101.0,110,102,98,86,87.0,80.0,75.0,90.0,80,81,105,115,120,115
24,105,82.0,75.0,68.0,52.0,46.0,40.0,46.0,60.0,80.0,88,79,68,86,88.0,86.0,80.0,75.0,74,77,83,83,82,79
25,76,88.0,78.0,56.0,58.0,56.0,55.0,61.0,77.0,87.0,93,96,110,159,192.0,142.0,134.0,75.0,87,105,115,111,113,333
26,500,500.0,500.0,500.0,500.0,500.0,500.0,500.0,500.0,500.0,500,500,500,500,500.0,500.0,500.0,500.0,500,500,500,500,500,500
27,500,500.0,500.0,500.0,500.0,500.0,500.0,500.0,500.0,500.0,500,50,50,80,192.0,195.0,68.0,71.0,79,88,106,117,110,103
28,87,84.0,66.0,66.0,79.0,67.0,64.0,73.0,79.0,89.0,85,82,78,68,67.0,63.0,73.0,81.0,73,86,110,118,110,100
29,86,83.0,77.0,69.0,74.0,84.0,84.0,102.0,116.0,129.0,113,82,69,66,62.0,57.0,64.0,72.0,78,90,92,90,88,88
30,85,80.0,71.0,67.0,68.0,70.0,74.0,80.0,95.0,106.0,117,100,77,69,66.0,68.0,68.0,73.0,66,71,93,89,80,80
31,66,53.0,48.0,48.0,45.0,44.0,44.0,52.0,70.0,88.0,98,80,64,58,99.0,59.0,57.0,60.0,59,67,70,74,76,81
"
"
February-2023,00:00:00,01:00:00,02:00:00,03:00:00,04:00:00,05:00:00,06:00:00,07:00:00,08:00:00,09:00:00,10:00:00,11:00:00,12:00:00,13:00:00,14:00:00,15:00:00,16:00:00,17:00:00,18:00:00,19:00:00,20:00:00,21:00:00,22:00:00,23:00:00
1,85.0,72.0,73.0,77.0,79.0,66.0,60.0,70.0,82.0,106.0,108.0,98.0,94.0,98.0,95.0,97.0,95.0,100.0,107.0,113.0,115.0,108.0,106.0,106.0
2,99.0,92.0,85.0,80.0,75.0,74.0,76.0,70.0,90.0,105.0,97.0,104.0,104.0,101.0,118.0,90.0,93.0,96.0,102.0,105.0,108.0,105.0,102.0,95.0
3,90.0,86.0,72.0,73.0,81.0,88.0,90.0,97.0,101.0,112.0,101.0,90.0,80.0,77.0,73.0,66.0,65.0,76.0,99.0,110.0,119.0,124.0,104.0,84.0
4,69.0,65.0,66.0,64.0,62.0,60.0,62.0,79.0,97.0,107.0,104.0,93.0,84.0,88.0,84.0,74.0,70.0,80.0,72.0,89.0,115.0,123.0,119.0,111.0
5,105.0,102.0,90.0,92.0,99.0,104.0,110.0,114.0,127.0,138.0,122.0,96.0,78.0,62.0,120.0,323.0,500.0,47.0,56.0,70.0,85.0,91.0,104.0,108.0
6,107.0,94.0,86.0,79.0,68.0,60.0,58.0,64.0,92.0,110.0,117.0,106.0,101.0,136.0,175.0,77.0,155.0,108.0,92.0,102.0,141.0,170.0,147.0,140.0
7,135.0,103.0,104.0,109.0,95.0,91.0,85.0,103.0,118.0,120.0,124.0,119.0,319.0,311.0,274.0,283.0,301.0,103.0,98.0,110.0,128.0,164.0,166.0,153.0
8,115.0,113.0,101.0,40.0,86.0,85.0,94.0,,151.0,144.0,142.0,132.0,172.0,240.0,234.0,114.0,176.0,164.0,109.0,109.0,123.0,136.0,149.0,135.0
9,,,101.0,106.0,107.0,,105.0,107.0,133.0,138.0,144.0,128.0,215.0,331.0,500.0,84.0,148.0,81.0,89.0,111.0,131.0,123.0,122.0,116.0
10,111.0,111.0,104.0,90.0,90.0,88.0,94.0,106.0,134.0,156.0,137.0,114.0,107.0,82.0,75.0,57.0,58.0,69.0,70.0,86.0,116.0,119.0,104.0,120.0
11,125.0,110.0,103.0,105.0,112.0,118.0,116.0,121.0,130.0,150.0,133.0,126.0,84.0,68.0,61.0,55.0,60.0,70.0,65.0,100.0,113.0,124.0,125.0,126.0
12,116.0,115.0,115.0,111.0,108.0,106.0,105.0,109.0,119.0,137.0,132.0,364.0,500.0,328.0,60.0,57.0,56.0,56.0,60.0,83.0,111.0,126.0,121.0,121.0
13,115.0,115.0,104.0,112.0,122.0,106.0,102.0,105.0,119.0,145.0,114.0,112.0,108.0,90.0,63.0,78.0,62.0,65.0,71.0,120.0,126.0,89.0,74.0,64.0
14,56.0,51.0,48.0,46.0,45.0,42.0,42.0,46.0,64.0,52.0,53.0,73.0,73.0,75.0,74.0,62.0,60.0,66.0,91.0,94.0,106.0,106.0,116.0,142.0
15,131.0,115.0,103.0,104.0,102.0,126.0,102.0,110.0,228.0,288.0,187.0,114.0,103.0,96.0,76.0,70.0,69.0,71.0,75.0,82.0,106.0,130.0,128.0,126.0
16,119.0,114.0,113.0,112.0,108.0,110.0,107.0,113.0,124.0,132.0,132.0,118.0,96.0,83.0,80.0,72.0,73.0,81.0,81.0,92.0,113.0,118.0,121.0,120.0
17,118.0,112.0,107.0,104.0,98.0,95.0,102.0,112.0,178.0,161.0,123.0,104.0,85.0,58.0,63.0,56.0,69.0,75.0,87.0,126.0,113.0,94.0,78.0,68.0
18,60.0,54.0,49.0,,,,,,,,,,,,,,,,,,,,,
19,,,,,,,,,,,,,,,,,,,,,,,,
20,,,,,,,,,,34.0,46.0,46.0,75.0,79.0,83.0,67.0,62.0,64.0,73.0,70.0,107.0,138.0,138.0,94.0
21,84.0,74.0,69.0,70.0,72.0,68.0,72.0,83.0,105.0,127.0,122.0,109.0,96.0,43.0,71.0,70.0,73.0,80.0,72.0,87.0,113.0,139.0,140.0,136.0
22,123.0,107.0,104.0,101.0,113.0,103.0,103.0,112.0,135.0,135.0,132.0,111.0,94.0,85.0,81.0,79.0,84.0,82.0,86.0,98.0,122.0,133.0,136.0,130.0
23,128.0,125.0,122.0,118.0,119.0,124.0,128.0,126.0,143.0,146.0,135.0,112.0,101.0,91.0,81.0,68.0,63.0,64.0,65.0,78.0,95.0,110.0,119.0,114.0
24,98.0,89.0,69.0,70.0,77.0,79.0,82.0,88.0,110.0,137.0,111.0,94.0,94.0,73.0,70.0,52.0,44.0,58.0,61.0,77.0,108.0,130.0,107.0,103.0
25,94.0,89.0,90.0,75.0,73.0,81.0,80.0,81.0,101.0,117.0,117.0,110.0,92.0,86.0,79.0,75.0,72.0,86.0,72.0,85.0,120.0,130.0,117.0,113.0
26,114.0,116.0,119.0,122.0,112.0,108.0,117.0,118.0,122.0,123.0,132.0,114.0,100.0,89.0,85.0,80.0,83.0,95.0,101.0,114.0,126.0,122.0,119.0,114.0
27,110.0,107.0,105.0,91.0,82.0,89.0,87.0,108.0,108.0,109.0,104.0,84.0,87.0,64.0,65.0,500.0,68.0,71.0,79.0,105.0,102.0,117.0,121.0,120.0
28,138.0,139.0,158.0,121.0,97.0,104.0,109.0,116.0,155.0,178.0,120.0,102.0,85.0,80.0,76.0,75.0,76.0,90.0,91.0,100.0,104.0,100.0,107.0,120.0
"
"
March-2023,00:00:00,01:00:00,02:00:00,03:00:00,04:00:00,05:00:00,06:00:00,07:00:00,08:00:00,09:00:00,10:00:00,11:00:00,12:00:00,13:00:00,14:00:00,15:00:00,16:00:00,17:00:00,18:00:00,19:00:00,20:00:00,21:00:00,22:00:00,23:00:00
1,111.0,96.0,90.0,89.0,82.0,81.0,82.0,102.0,151.0,152.0,137.0,104.0,95.0,94.0,80.0,75.0,72.0,73.0,77.0,91.0,106.0,114.0,112.0,100.0
2,88.0,80.0,68.0,65.0,78.0,77.0,77.0,86.0,90.0,105.0,104.0,101.0,98.0,111.0,134.0,103.0,95.0,92.0,88.0,99.0,107.0,114.0,111.0,111.0
3,109.0,105.0,98.0,84.0,72.0,76.0,84.0,90.0,103.0,116.0,118.0,,,113.0,60.0,107.0,108.0,111.0,110.0,110.0,104.0,104.0,105.0,110.0
4,123.0,103.0,87.0,84.0,80.0,77.0,79.0,84.0,93.0,108.0,107.0,107.0,115.0,105.0,96.0,70.0,73.0,84.0,86.0,95.0,103.0,116.0,138.0,158.0
5,141.0,107.0,106.0,103.0,101.0,92.0,92.0,105.0,124.0,131.0,109.0,101.0,104.0,92.0,83.0,76.0,71.0,81.0,92.0,97.0,92.0,94.0,104.0,108.0
6,106.0,103.0,100.0,98.0,100.0,112.0,100.0,106.0,117.0,122.0,116.0,93.0,,,,,,,,,,,,
7,,,,,,,,,,,,,78.0,74.0,86.0,74.0,70.0,80.0,96.0,94.0,90.0,96.0,99.0,105.0
8,106.0,108.0,110.0,96.0,,92.0,87.0,73.0,84.0,97.0,96.0,88.0,85.0,78.0,70.0,69.0,67.0,69.0,78.0,,,,,
9,,,,,,,,,,85.0,109.0,104.0,83.0,84.0,81.0,77.0,69.0,69.0,88.0,105.0,101.0,106.0,109.0,104.0
10,105.0,89.0,78.0,72.0,70.0,75.0,70.0,78.0,94.0,107.0,106.0,104.0,88.0,77.0,74.0,69.0,67.0,73.0,89.0,93.0,101.0,109.0,110.0,108.0
11,110.0,108.0,104.0,101.0,95.0,102.0,85.0,95.0,102.0,126.0,107.0,99.0,80.0,76.0,77.0,74.0,68.0,68.0,74.0,76.0,94.0,100.0,106.0,98.0
12,90.0,86.0,76.0,77.0,77.0,74.0,70.0,85.0,98.0,162.0,103.0,85.0,70.0,50.0,45.0,38.0,43.0,43.0,43.0,50.0,69.0,86.0,74.0,73.0
13,74.0,73.0,66.0,63.0,66.0,79.0,78.0,83.0,96.0,105.0,102.0,103.0,87.0,76.0,62.0,60.0,58.0,77.0,84.0,96.0,107.0,113.0,122.0,104.0
14,96.0,98.0,106.0,134.0,81.0,60.0,67.0,82.0,104.0,104.0,99.0,88.0,76.0,78.0,70.0,69.0,71.0,73.0,80.0,100.0,123.0,135.0,119.0,110.0
15,106.0,101.0,98.0,96.0,93.0,95.0,99.0,112.0,141.0,152.0,169.0,132.0,109.0,103.0,83.0,79.0,71.0,77.0,84.0,108.0,123.0,116.0,157.0,159.0
16,133.0,142.0,198.0,197.0,181.0,164.0,161.0,146.0,153.0,,98.0,101.0,125.0,,,,,,,,,,,
17,,,,,,,,,,,,50.0,70.0,68.0,,,,,,,,,,
18,,,,,,,,,,,16.0,77.0,72.0,55.0,46.0,44.0,48.0,60.0,64.0,88.0,89.0,84.0,56.0,46.0
19,40.0,44.0,43.0,47.0,50.0,52.0,59.0,67.0,65.0,63.0,61.0,64.0,60.0,52.0,52.0,,24.0,43.0,44.0,48.0,56.0,60.0,58.0,52.0
20,46.0,48.0,50.0,47.0,57.0,53.0,59.0,58.0,56.0,62.0,62.0,61.0,,,,,,,,,,,,
21,,,,,,,,,,,,,,,,,,,,,,,,
22,,,,,,,,,,,,,,,,,,,,,,,,
23,,,,,,,,,,,,,,,,,,59.0,47.0,58.0,75.0,81.0,123.0,156.0
24,60.0,48.0,45.0,50.0,50.0,45.0,40.0,39.0,48.0,56.0,68.0,74.0,72.0,69.0,78.0,68.0,68.0,62.0,53.0,52.0,74.0,97.0,96.0,64.0
25,54.0,48.0,49.0,47.0,44.0,38.0,33.0,37.0,54.0,49.0,56.0,60.0,59.0,66.0,88.0,64.0,64.0,73.0,89.0,94.0,99.0,97.0,94.0,107.0
26,102.0,94.0,82.0,75.0,58.0,45.0,42.0,52.0,72.0,77.0,65.0,59.0,60.0,53.0,59.0,57.0,59.0,55.0,55.0,64.0,85.0,88.0,84.0,85.0
27,75.0,52.0,42.0,40.0,39.0,44.0,45.0,48.0,60.0,70.0,68.0,48.0,46.0,42.0,44.0,46.0,53.0,63.0,64.0,53.0,65.0,86.0,117.0,112.0
28,155.0,161.0,130.0,91.0,81.0,86.0,101.0,124.0,125.0,110.0,61.0,50.0,54.0,74.0,67.0,61.0,62.0,69.0,71.0,89.0,112.0,131.0,103.0,82.0
29,78.0,76.0,83.0,83.0,83.0,88.0,90.0,108.0,137.0,96.0,96.0,103.0,94.0,79.0,73.0,77.0,81.0,86.0,100.0,97.0,83.0,79.0,319.0,485.0
30,72.0,72.0,66.0,47.0,45.0,42.0,42.0,48.0,58.0,69.0,70.0,67.0,65.0,48.0,71.0,67.0,51.0,54.0,500.0,485.0,69.0,81.0,100.0,80.0
31,73.0,51.0,41.0,39.0,34.0,36.0,36.0,40.0,61.0,65.0,82.0,84.0,80.0,70.0,77.0,58.0,58.0,83.0,67.0,95.0,98.0,86.0,86.0,69.0
"
"
April-2023,00:00:00,01:00:00,02:00:00,03:00:00,04:00:00,05:00:00,06:00:00,07:00:00,08:00:00,09:00:00,10:00:00,11:00:00,12:00:00,13:00:00,14:00:00,15:00:00,16:00:00,17:00:00,18:00:00,19:00:00,20:00:00,21:00:00,22:00:00,23:00:00
1,70.0,76.0,82.0,73.0,69.0,72.0,70.0,64.0,80.0,68.0,65.0,74.0,80.0,58.0,55.0,52.0,58.0,64.0,47.0,54.0,88.0,106.0,100.0,102.0
2,64.0,43.0,40.0,39.0,41.0,37.0,38.0,43.0,50.0,66.0,70.0,77.0,64.0,67.0,62.0,64.0,57.0,59.0,56.0,63.0,84.0,88.0,91.0,89.0
3,97.0,68.0,62.0,58.0,52.0,52.0,54.0,55.0,64.0,83.0,109.0,81.0,72.0,68.0,83.0,83.0,80.0,100.0,124.0,119.0,134.0,145.0,87.0,48.0
4,47.0,55.0,50.0,40.0,40.0,37.0,36.0,41.0,40.0,42.0,42.0,,,,,,,,,,,,,
5,,,,,,,,,,,,,,,,,63.0,73.0,86.0,84.0,116.0,126.0,109.0,62.0
6,64.0,55.0,71.0,82.0,62.0,80.0,90.0,76.0,84.0,96.0,99.0,98.0,98.0,119.0,134.0,149.0,102.0,78.0,106.0,91.0,104.0,116.0,116.0,112.0
7,82.0,,,,,,,,,,,,,,107.0,96.0,92.0,44.0,94.0,98.0,106.0,100.0,100.0,106.0
8,108.0,94.0,80.0,67.0,62.0,60.0,54.0,66.0,83.0,82.0,80.0,80.0,77.0,70.0,76.0,70.0,72.0,70.0,73.0,78.0,86.0,81.0,87.0,90.0
9,86.0,73.0,68.0,62.0,59.0,61.0,57.0,63.0,87.0,92.0,108.0,98.0,84.0,85.0,31.0,53.0,52.0,48.0,49.0,51.0,69.0,77.0,77.0,66.0
10,63.0,60.0,58.0,60.0,64.0,71.0,65.0,65.0,86.0,85.0,84.0,,,50.0,45.0,45.0,44.0,49.0,59.0,78.0,79.0,74.0,71.0,68.0
11,64.0,58.0,63.0,62.0,66.0,74.0,79.0,81.0,95.0,109.0,100.0,84.0,76.0,63.0,49.0,51.0,,,51.0,94.0,100.0,116.0,119.0,103.0
12,100.0,87.0,74.0,68.0,81.0,86.0,102.0,116.0,122.0,114.0,116.0,99.0,102.0,81.0,69.0,72.0,83.0,77.0,,,,,,
13,,,,,,,,,,,94.0,73.0,78.0,73.0,,,68.0,,,,,,,
14,,,,,,,,,,,104.0,90.0,125.0,92.0,,84.0,,81.0,80.0,88.0,,,,
15,,,,,,,,,,,,94.0,98.0,78.0,77.0,77.0,33.0,22.0,96.0,99.0,109.0,120.0,122.0,118.0
16,116.0,124.0,127.0,117.0,108.0,112.0,137.0,175.0,236.0,243.0,183.0,110.0,104.0,77.0,69.0,72.0,66.0,69.0,71.0,75.0,93.0,100.0,109.0,111.0
17,114.0,108.0,107.0,104.0,92.0,87.0,92.0,101.0,140.0,167.0,143.0,102.0,140.0,115.0,100.0,91.0,107.0,106.0,98.0,97.0,120.0,135.0,134.0,113.0
18,106.0,98.0,103.0,105.0,122.0,171.0,173.0,164.0,224.0,180.0,108.0,138.0,110.0,107.0,,,90.0,,,361.0,233.0,162.0,136.0,119.0
19,111.0,103.0,86.0,87.0,84.0,88.0,102.0,127.0,107.0,100.0,86.0,74.0,76.0,170.0,160.0,94.0,120.0,148.0,105.0,127.0,127.0,155.0,162.0,146.0
20,123.0,118.0,118.0,133.0,163.0,163.0,28.0,27.0,27.0,29.0,118.0,118.0,117.0,97.0,146.0,155.0,143.0,95.0,95.0,101.0,59.0,107.0,110.0,117.0
21,111.0,99.0,95.0,87.0,83.0,80.0,96.0,122.0,129.0,109.0,75.0,84.0,83.0,80.0,83.0,137.0,165.0,146.0,88.0,110.0,113.0,90.0,,72.0
22,72.0,75.0,83.0,,,,,21.0,120.0,107.0,,62.0,79.0,61.0,43.0,47.0,63.0,,68.0,97.0,93.0,82.0,85.0,85.0
23,70.0,81.0,88.0,89.0,71.0,82.0,82.0,71.0,85.0,64.0,65.0,55.0,53.0,43.0,39.0,36.0,74.0,67.0,44.0,41.0,54.0,90.0,99.0,101.0
24,102.0,91.0,65.0,57.0,20.0,20.0,23.0,28.0,32.0,77.0,72.0,75.0,88.0,,,,,,,79.0,78.0,69.0,67.0,59.0
25,51.0,46.0,45.0,19.0,93.0,20.0,22.0,23.0,297.0,28.0,133.0,105.0,78.0,,,,,,,82.0,76.0,78.0,66.0,56.0
26,53.0,54.0,42.0,49.0,47.0,44.0,35.0,,32.0,22.0,,,,,,,,,22.0,97.0,100.0,102.0,94.0,95.0
27,90.0,79.0,71.0,70.0,115.0,150.0,24.0,26.0,227.0,227.0,113.0,100.0,89.0,81.0,68.0,60.0,53.0,62.0,64.0,71.0,90.0,98.0,90.0,78.0
28,79.0,85.0,78.0,84.0,77.0,71.0,85.0,23.0,93.0,88.0,68.0,68.0,72.0,70.0,58.0,55.0,60.0,63.0,,,,,,
29,,,,,,,,,,,,,68.0,93.0,69.0,,,,,85.0,101.0,95.0,97.0,54.0
30,44.0,42.0,25.0,21.0,20.0,18.0,18.0,80.0,,80.0,62.0,63.0,68.0,48.0,48.0,46.0,44.0,45.0,46.0,55.0,68.0,74.0,60.0,54.0
"
"
May-2023,00:00:00,01:00:00,02:00:00,03:00:00,04:00:00,05:00:00,06:00:00,07:00:00,08:00:00,09:00:00,10:00:00,11:00:00,12:00:00,13:00:00,14:00:00,15:00:00,16:00:00,17:00:00,18:00:00,19:00:00,20:00:00,21:00:00,22:00:00,23:00:00
1,56.0,65.0,23.0,24.0,,21.0,32.0,32.0,23.0,28.0,,25.0,19.0,22.0,29.0,28.0,25.0,39.0,44.0,40.0,40.0,34.0,31.0,28.0
2,26.0,23.0,21.0,19.0,20.0,25.0,29.0,45.0,46.0,38.0,44.0,48.0,41.0,49.0,39.0,37.0,34.0,38.0,43.0,58.0,62.0,56.0,49.0,
3,,,,,,,,,19.0,25.0,26.0,35.0,31.0,29.0,27.0,23.0,26.0,25.0,38.0,44.0,95.0,76.0,88.0,107.0
4,78.0,50.0,39.0,32.0,29.0,28.0,26.0,500.0,32.0,53.0,40.0,32.0,35.0,37.0,41.0,41.0,41.0,41.0,,,,,,
5,,,,,,,,,,,45.0,28.0,32.0,33.0,31.0,35.0,40.0,40.0,39.0,38.0,52.0,72.0,74.0,59.0
6,66.0,53.0,36.0,34.0,31.0,32.0,39.0,19.0,50.0,48.0,38.0,38.0,40.0,43.0,38.0,37.0,38.0,42.0,57.0,67.0,44.0,41.0,41.0,137.0
7,30.0,24.0,22.0,18.0,17.0,17.0,30.0,19.0,20.0,22.0,20.0,21.0,27.0,22.0,23.0,30.0,29.0,29.0,30.0,32.0,41.0,50.0,67.0,74.0
8,92.0,38.0,34.0,30.0,27.0,25.0,22.0,22.0,45.0,45.0,33.0,33.0,35.0,36.0,45.0,58.0,60.0,50.0,55.0,48.0,47.0,54.0,75.0,56.0
9,78.0,78.0,33.0,27.0,24.0,22.0,21.0,22.0,113.0,33.0,28.0,25.0,24.0,28.0,26.0,36.0,32.0,33.0,39.0,53.0,51.0,47.0,61.0,70.0
10,59.0,33.0,27.0,41.0,30.0,19.0,19.0,19.0,20.0,27.0,29.0,36.0,37.0,39.0,44.0,41.0,44.0,46.0,46.0,,,93.0,118.0,126.0
11,142.0,127.0,98.0,100.0,98.0,93.0,91.0,21.0,22.0,67.0,70.0,78.0,99.0,100.0,108.0,,,,,,,,,
12,,,,,,,,,,,,,,,,,,,,,,,,
13,,,,,,,,,,,,,,,,,,,,,,,,
14,,,,,,,,,,,,,,,,,,,,,,,,
15,,,,,,,,,,,,,,,,,,,,,,,,
16,,,,,,,,,,,,,,,,,,,,,,,,
17,,,,,,,,,,,,,,,,,,,,,,,,
18,,,,,,,,,,,,,,,,,,,,,,,,
19,,,,,,,,,,,,,,,,,,,,,,,,
20,,,,,,,,,,,,,,,,,,,,,,,,
21,,,,,,,,,,,,,,,,,,,,,,,,
22,,,,,,,,,,,,,,,,,,129.0,,,,,,
23,,,,,,,,,,,,75.0,,71.0,87.0,66.0,75.0,68.0,79.0,93.0,101.0,103.0,103.0,84.0
24,54.0,50.0,57.0,39.0,41.0,42.0,46.0,45.0,45.0,40.0,55.0,67.0,47.0,46.0,66.0,70.0,96.0,104.0,85.0,52.0,56.0,50.0,37.0,39.0
25,39.0,38.0,37.0,35.0,34.0,31.0,29.0,26.0,28.0,31.0,34.0,47.0,64.0,63.0,70.0,65.0,69.0,66.0,64.0,56.0,50.0,40.0,44.0,39.0
26,40.0,36.0,34.0,30.0,28.0,26.0,25.0,53.0,50.0,46.0,41.0,49.0,52.0,69.0,64.0,53.0,73.0,59.0,49.0,43.0,44.0,49.0,51.0,38.0
27,28.0,27.0,29.0,28.0,25.0,25.0,24.0,25.0,25.0,29.0,44.0,51.0,,,,62.0,67.0,57.0,58.0,53.0,66.0,79.0,84.0,81.0
28,54.0,33.0,26.0,25.0,24.0,23.0,22.0,21.0,24.0,28.0,,,,,,,,,,,46.0,46.0,40.0,37.0
29,30.0,35.0,32.0,30.0,27.0,32.0,37.0,24.0,25.0,28.0,30.0,42.0,41.0,55.0,82.0,44.0,45.0,59.0,79.0,104.0,110.0,114.0,122.0,115.0
30,105.0,80.0,51.0,45.0,47.0,51.0,63.0,60.0,63.0,55.0,62.0,53.0,44.0,61.0,73.0,57.0,47.0,68.0,65.0,63.0,45.0,36.0,48.0,67.0
31,62.0,60.0,49.0,39.0,27.0,22.0,20.0,32.0,39.0,41.0,64.0,66.0,53.0,71.0,67.0,74.0,79.0,79.0,86.0,56.0,67.0,77.0,81.0,78.0
"
"
June-2023,00:00:00,01:00:00,02:00:00,03:00:00,04:00:00,05:00:00,06:00:00,07:00:00,08:00:00,09:00:00,10:00:00,11:00:00,12:00:00,13:00:00,14:00:00,15:00:00,16:00:00,17:00:00,18:00:00,19:00:00,20:00:00,21:00:00,22:00:00,23:00:00
1,60.0,49.0,51.0,54.0,57.0,59.0,56.0,38.0,34.0,48.0,51.0,49.0,41.0,45.0,53.0,69.0,73.0,67.0,67.0,66.0,53.0,45.0,45.0,40.0
2,45.0,38.0,45.0,39.0,28.0,26.0,34.0,43.0,39.0,48.0,53.0,56.0,64.0,70.0,69.0,74.0,60.0,81.0,79.0,62.0,62.0,78.0,99.0,
3,92.0,71.0,64.0,60.0,52.0,,,45.0,56.0,69.0,70.0,73.0,65.0,60.0,64.0,78.0,68.0,66.0,58.0,61.0,63.0,82.0,106.0,102.0
4,75.0,52.0,44.0,56.0,48.0,54.0,54.0,50.0,59.0,56.0,54.0,68.0,64.0,56.0,54.0,55.0,53.0,52.0,48.0,52.0,64.0,83.0,122.0,91.0
5,96.0,64.0,62.0,65.0,64.0,50.0,49.0,75.0,74.0,70.0,63.0,65.0,58.0,54.0,54.0,56.0,55.0,63.0,87.0,82.0,97.0,57.0,50.0,50.0
6,46.0,44.0,39.0,40.0,41.0,36.0,44.0,44.0,57.0,56.0,51.0,51.0,44.0,49.0,53.0,54.0,56.0,58.0,57.0,99.0,83.0,52.0,,
7,,,,,,,,,,,42.0,47.0,48.0,43.0,48.0,44.0,45.0,46.0,50.0,58.0,40.0,47.0,44.0,32.0
8,27.0,23.0,22.0,21.0,22.0,20.0,21.0,22.0,23.0,23.0,26.0,28.0,26.0,31.0,33.0,34.0,34.0,35.0,38.0,47.0,50.0,35.0,28.0,27.0
9,25.0,25.0,25.0,24.0,24.0,24.0,23.0,21.0,31.0,33.0,26.0,32.0,35.0,29.0,33.0,33.0,34.0,34.0,31.0,37.0,47.0,,,
10,,,,,,,,,,,,,,,,,,,,,,,,
11,,,,,,,,,,,,,,,,,,,,,,,,
12,,,,,,,,,,,,,,,,,,,,,,,,
13,,,,,,,,,,,,,,,,,,,,,,,,
14,,,,,,,,,,,,,,,,,,,,,,,,
15,,,,,,,,,,,,54.0,41.0,39.0,35.0,38.0,37.0,,,,,,,
16,,,,,,,,,,,,,,,,,,,,,,,,
17,,,,,,,,,,,56.0,35.0,42.0,42.0,42.0,42.0,42.0,43.0,44.0,48.0,51.0,53.0,44.0,38.0
18,32.0,35.0,36.0,32.0,27.0,26.0,28.0,34.0,55.0,41.0,45.0,58.0,67.0,48.0,48.0,53.0,50.0,41.0,42.0,44.0,39.0,25.0,21.0,22.0
19,26.0,26.0,23.0,28.0,32.0,37.0,37.0,38.0,46.0,55.0,46.0,42.0,23.0,,,42.0,58.0,57.0,58.0,67.0,68.0,76.0,62.0,53.0
20,30.0,24.0,,,,,,,,,,,,18.0,35.0,,31.0,34.0,46.0,53.0,51.0,59.0,55.0,44.0
21,43.0,36.0,36.0,37.0,38.0,39.0,42.0,49.0,61.0,70.0,72.0,71.0,77.0,75.0,77.0,78.0,74.0,72.0,60.0,56.0,52.0,36.0,26.0,22.0
22,28.0,32.0,28.0,26.0,28.0,30.0,34.0,39.0,45.0,45.0,48.0,48.0,48.0,50.0,46.0,47.0,44.0,44.0,48.0,41.0,27.0,34.0,52.0,54.0
23,32.0,33.0,28.0,20.0,24.0,25.0,27.0,32.0,35.0,42.0,42.0,44.0,,,,51.0,52.0,43.0,46.0,55.0,55.0,34.0,28.0,23.0
24,20.0,20.0,19.0,20.0,16.0,17.0,16.0,18.0,26.0,28.0,38.0,42.0,39.0,34.0,,,,,,,,,,
25,,,,,,,,,,,,,,,,,,,,,,,18.0,18.0
26,17.0,14.0,24.0,24.0,22.0,20.0,22.0,18.0,26.0,31.0,32.0,34.0,30.0,26.0,30.0,30.0,27.0,26.0,30.0,31.0,36.0,40.0,40.0,41.0
27,32.0,26.0,24.0,25.0,30.0,23.0,17.0,21.0,30.0,34.0,38.0,43.0,42.0,43.0,42.0,38.0,40.0,36.0,32.0,28.0,28.0,24.0,19.0,20.0
28,21.0,21.0,22.0,21.0,22.0,20.0,19.0,18.0,26.0,20.0,22.0,22.0,21.0,23.0,28.0,28.0,27.0,28.0,27.0,25.0,26.0,26.0,26.0,25.0
29,20.0,20.0,21.0,19.0,18.0,18.0,17.0,16.0,20.0,20.0,22.0,28.0,24.0,26.0,24.0,25.0,25.0,21.0,19.0,20.0,24.0,20.0,18.0,18.0
30,18.0,,,,,,,,,,37.0,37.0,30.0,31.0,36.0,37.0,32.0,36.0,44.0,49.0,42.0,38.0,30.0,21.0
"
"
July-2023,00:00:00,01:00:00,02:00:00,03:00:00,04:00:00,05:00:00,06:00:00,07:00:00,08:00:00,09:00:00,10:00:00,11:00:00,12:00:00,13:00:00,14:00:00,15:00:00,16:00:00,17:00:00,18:00:00,19:00:00,20:00:00,21:00:00,22:00:00,23:00:00
1,23.0,20.0,19.0,18.0,23.0,17.0,17.0,20.0,22.0,30.0,42.0,42.0,49.0,,,41.0,45.0,44.0,48.0,56.0,55.0,58.0,28.0,26.0
2,31.0,38.0,29.0,27.0,27.0,24.0,23.0,24.0,26.0,31.0,37.0,40.0,38.0,35.0,35.0,,26.0,40.0,40.0,,,,,
3,,,,,,,,,,,,,,,27.0,26.0,30.0,33.0,67.0,21.0,20.0,19.0,19.0,19.0
4,18.0,17.0,23.0,23.0,23.0,20.0,19.0,20.0,18.0,18.0,19.0,25.0,27.0,24.0,30.0,41.0,26.0,25.0,21.0,20.0,18.0,23.0,17.0,17.0
5,20.0,19.0,19.0,18.0,18.0,18.0,19.0,17.0,22.0,22.0,19.0,26.0,24.0,23.0,26.0,35.0,36.0,30.0,37.0,31.0,23.0,22.0,23.0,21.0
6,20.0,19.0,16.0,16.0,19.0,19.0,16.0,16.0,19.0,19.0,21.0,23.0,21.0,22.0,26.0,26.0,23.0,24.0,27.0,28.0,22.0,19.0,,
7,,,,,,,,,,,25.0,26.0,25.0,26.0,27.0,34.0,27.0,27.0,28.0,24.0,21.0,24.0,23.0,19.0
8,17.0,15.0,17.0,17.0,18.0,18.0,18.0,17.0,18.0,20.0,17.0,24.0,23.0,24.0,,,,,,,,,,
9,,,,,,,,,,,,,,,,,,,22.0,32.0,32.0,31.0,32.0,23.0
10,19.0,20.0,18.0,18.0,20.0,20.0,21.0,26.0,22.0,26.0,32.0,34.0,18.0,36.0,33.0,28.0,29.0,20.0,22.0,21.0,30.0,31.0,36.0,32.0
11,,,,,,,,,,,35.0,37.0,40.0,43.0,41.0,38.0,43.0,46.0,40.0,33.0,26.0,22.0,24.0,21.0
12,20.0,19.0,19.0,21.0,23.0,20.0,22.0,31.0,38.0,45.0,45.0,46.0,48.0,45.0,42.0,41.0,22.0,45.0,46.0,45.0,38.0,41.0,41.0,19.0
13,19.0,18.0,24.0,22.0,17.0,14.0,12.0,14.0,16.0,22.0,24.0,25.0,22.0,25.0,34.0,35.0,53.0,25.0,25.0,26.0,23.0,,,
14,,,,,,,,,,,,,24.0,23.0,23.0,30.0,25.0,30.0,30.0,19.0,24.0,34.0,30.0,26.0
15,24.0,23.0,22.0,20.0,23.0,27.0,21.0,24.0,28.0,35.0,47.0,19.0,35.0,32.0,24.0,24.0,36.0,48.0,39.0,29.0,23.0,22.0,21.0,22.0
16,20.0,20.0,20.0,19.0,18.0,17.0,17.0,24.0,26.0,30.0,31.0,36.0,36.0,36.0,40.0,38.0,28.0,26.0,32.0,31.0,28.0,30.0,31.0,30.0
17,30.0,29.0,28.0,22.0,27.0,23.0,24.0,23.0,28.0,32.0,38.0,42.0,41.0,40.0,40.0,37.0,45.0,51.0,55.0,52.0,67.0,42.0,41.0,35.0
18,33.0,30.0,33.0,30.0,29.0,27.0,22.0,31.0,34.0,30.0,35.0,38.0,44.0,48.0,48.0,44.0,41.0,46.0,47.0,44.0,45.0,39.0,40.0,40.0
19,32.0,25.0,24.0,24.0,28.0,27.0,30.0,33.0,54.0,44.0,44.0,43.0,50.0,55.0,50.0,43.0,49.0,29.0,29.0,28.0,30.0,36.0,33.0,29.0
20,30.0,34.0,28.0,29.0,28.0,24.0,22.0,26.0,32.0,38.0,42.0,52.0,56.0,53.0,63.0,66.0,70.0,68.0,74.0,72.0,74.0,58.0,54.0,55.0
21,52.0,45.0,46.0,45.0,38.0,37.0,37.0,42.0,48.0,53.0,56.0,66.0,72.0,,85.0,60.0,69.0,86.0,55.0,43.0,46.0,38.0,31.0,33.0
22,29.0,27.0,34.0,34.0,29.0,23.0,24.0,28.0,40.0,38.0,34.0,44.0,45.0,38.0,34.0,34.0,20.0,31.0,35.0,38.0,24.0,25.0,16.0,16.0
23,15.0,15.0,17.0,20.0,14.0,14.0,17.0,20.0,21.0,24.0,28.0,29.0,29.0,23.0,21.0,17.0,22.0,24.0,23.0,20.0,18.0,21.0,22.0,24.0
24,26.0,24.0,20.0,23.0,18.0,13.0,23.0,25.0,23.0,22.0,19.0,19.0,25.0,20.0,20.0,22.0,,30.0,,,,,,
25,,,,,,,,,,,,15.0,17.0,16.0,18.0,19.0,19.0,19.0,20.0,20.0,20.0,19.0,18.0,16.0
26,18.0,19.0,20.0,19.0,24.0,25.0,24.0,23.0,21.0,19.0,18.0,17.0,18.0,17.0,19.0,19.0,23.0,24.0,21.0,19.0,22.0,22.0,20.0,18.0
27,25.0,27.0,25.0,22.0,25.0,31.0,32.0,30.0,26.0,27.0,30.0,29.0,28.0,27.0,28.0,26.0,26.0,29.0,26.0,27.0,33.0,38.0,27.0,21.0
28,24.0,26.0,22.0,20.0,19.0,19.0,22.0,27.0,32.0,37.0,42.0,26.0,21.0,23.0,24.0,26.0,14.0,21.0,28.0,27.0,26.0,28.0,30.0,27.0
29,27.0,26.0,22.0,21.0,25.0,23.0,21.0,25.0,32.0,33.0,32.0,36.0,35.0,36.0,36.0,33.0,32.0,25.0,26.0,28.0,28.0,35.0,36.0,40.0
30,36.0,30.0,31.0,34.0,28.0,27.0,29.0,26.0,26.0,30.0,31.0,32.0,33.0,34.0,32.0,37.0,40.0,32.0,32.0,30.0,24.0,25.0,29.0,24.0
31,23.0,29.0,26.0,27.0,23.0,22.0,23.0,24.0,31.0,30.0,29.0,,29.0,30.0,30.0,30.0,20.0,43.0,39.0,32.0,36.0,45.0,42.0,37.0
"
"
August-2023,00:00:00,01:00:00,02:00:00,03:00:00,04:00:00,05:00:00,06:00:00,07:00:00,08:00:00,09:00:00,10:00:00,11:00:00,12:00:00,13:00:00,14:00:00,15:00:00,16:00:00,17:00:00,18:00:00,19:00:00,20:00:00,21:00:00,22:00:00,23:00:00
1,30.0,26.0,24.0,23.0,24.0,28.0,28.0,32.0,40.0,39.0,36.0,,17.0,49.0,49.0,44.0,36.0,42.0,48.0,54.0,54.0,48.0,48.0,45.0
2,39.0,38.0,38.0,33.0,32.0,36.0,32.0,41.0,60.0,50.0,48.0,54.0,48.0,46.0,45.0,40.0,48.0,56.0,52.0,53.0,54.0,57.0,46.0,39.0
3,31.0,32.0,31.0,30.0,30.0,32.0,30.0,31.0,36.0,41.0,42.0,42.0,46.0,47.0,46.0,40.0,36.0,36.0,44.0,50.0,49.0,48.0,46.0,36.0
4,26.0,17.0,22.0,21.0,24.0,26.0,27.0,38.0,66.0,38.0,40.0,42.0,40.0,37.0,39.0,33.0,30.0,30.0,34.0,41.0,37.0,46.0,40.0,38.0
5,38.0,37.0,30.0,35.0,33.0,35.0,32.0,27.0,32.0,35.0,,31.0,30.0,27.0,29.0,29.0,29.0,52.0,35.0,42.0,39.0,38.0,45.0,21.0
6,21.0,25.0,17.0,17.0,16.0,16.0,17.0,20.0,23.0,30.0,32.0,26.0,27.0,23.0,26.0,27.0,19.0,,,,36.0,20.0,29.0,30.0
7,29.0,24.0,23.0,21.0,23.0,28.0,29.0,31.0,33.0,40.0,42.0,41.0,35.0,32.0,32.0,32.0,38.0,43.0,50.0,52.0,47.0,46.0,28.0,23.0
8,31.0,31.0,32.0,26.0,22.0,24.0,25.0,30.0,32.0,39.0,36.0,35.0,34.0,40.0,40.0,30.0,30.0,33.0,36.0,41.0,45.0,38.0,36.0,25.0
9,20.0,19.0,19.0,18.0,19.0,24.0,33.0,26.0,31.0,36.0,34.0,44.0,39.0,,39.0,39.0,32.0,33.0,37.0,43.0,51.0,,,
10,,,,,,,,,,42.0,46.0,47.0,46.0,50.0,51.0,48.0,49.0,45.0,47.0,51.0,52.0,62.0,65.0,49.0
11,28.0,24.0,24.0,24.0,22.0,25.0,28.0,31.0,38.0,41.0,41.0,45.0,44.0,42.0,42.0,42.0,43.0,46.0,48.0,53.0,64.0,76.0,89.0,78.0
12,76.0,90.0,40.0,35.0,31.0,32.0,32.0,38.0,44.0,51.0,60.0,22.0,23.0,,,,,,71.0,71.0,60.0,64.0,64.0,52.0
13,48.0,48.0,45.0,40.0,36.0,38.0,38.0,36.0,42.0,48.0,55.0,69.0,65.0,48.0,47.0,47.0,49.0,51.0,54.0,60.0,63.0,54.0,29.0,25.0
14,20.0,20.0,,,,,,,19.0,18.0,,22.0,25.0,48.0,46.0,42.0,48.0,50.0,64.0,80.0,64.0,57.0,59.0,56.0
15,48.0,46.0,44.0,42.0,41.0,41.0,39.0,41.0,52.0,66.0,52.0,55.0,53.0,56.0,58.0,59.0,58.0,60.0,68.0,65.0,65.0,68.0,64.0,60.0
16,52.0,46.0,46.0,45.0,46.0,46.0,47.0,50.0,60.0,60.0,69.0,68.0,56.0,57.0,66.0,64.0,63.0,59.0,62.0,70.0,76.0,82.0,88.0,68.0
17,30.0,26.0,26.0,26.0,27.0,32.0,37.0,40.0,57.0,41.0,42.0,53.0,53.0,,,,,,,,,,,
18,,,,,,,,,,,,,,36.0,36.0,41.0,45.0,10.0,56.0,49.0,54.0,41.0,48.0,36.0
19,35.0,26.0,23.0,26.0,26.0,22.0,22.0,26.0,30.0,28.0,24.0,27.0,30.0,30.0,30.0,24.0,25.0,28.0,24.0,36.0,40.0,30.0,31.0,28.0
20,25.0,22.0,22.0,21.0,20.0,20.0,20.0,24.0,26.0,21.0,29.0,29.0,29.0,32.0,37.0,,37.0,40.0,40.0,42.0,45.0,48.0,35.0,36.0
21,38.0,40.0,38.0,34.0,32.0,32.0,36.0,36.0,40.0,41.0,40.0,42.0,43.0,44.0,52.0,56.0,63.0,68.0,70.0,68.0,74.0,83.0,94.0,87.0
22,92.0,76.0,63.0,46.0,29.0,28.0,25.0,31.0,37.0,41.0,44.0,46.0,43.0,51.0,60.0,63.0,62.0,58.0,56.0,58.0,62.0,62.0,67.0,74.0
23,52.0,38.0,35.0,32.0,24.0,24.0,25.0,26.0,30.0,35.0,34.0,37.0,40.0,44.0,46.0,48.0,48.0,46.0,48.0,51.0,62.0,76.0,68.0,63.0
24,64.0,50.0,42.0,35.0,29.0,26.0,26.0,32.0,43.0,49.0,56.0,47.0,47.0,44.0,41.0,42.0,38.0,39.0,40.0,42.0,48.0,58.0,76.0,74.0
25,64.0,44.0,36.0,28.0,33.0,34.0,32.0,40.0,49.0,54.0,58.0,62.0,64.0,50.0,46.0,35.0,35.0,32.0,32.0,40.0,53.0,62.0,70.0,61.0
26,41.0,23.0,22.0,24.0,23.0,21.0,21.0,22.0,22.0,26.0,30.0,30.0,30.0,30.0,30.0,30.0,35.0,,,,,,,
27,,,,,,,,,,,,,,,,,,,,,,,,
28,,,,,,,,,,,,,,,,,,,,,,,,
29,,,,,,,,,,,,,,,,,,,,,,,,
30,,,,,,,,,,,,,,,,,,,,,,,,
31,,,,,,,,,,,,,,,,,,,,,,,,
"
"
September-2023,00:00:00,01:00:00,02:00:00,03:00:00,04:00:00,05:00:00,06:00:00,07:00:00,08:00:00,09:00:00,10:00:00,11:00:00,12:00:00,13:00:00,14:00:00,15:00:00,16:00:00,17:00:00,18:00:00,19:00:00,20:00:00,21:00:00,22:00:00,23:00:00
1,,,,,,,,,,,,,,,,,,,,,,,,
2,,,,,,,,,,,,,,,,,,,,,,,,
3,,,,,,,,,,,,,,,,,,,,,,,,
4,,,,,,,,,,,,,,,,,,,,,,,,
5,,,,,,,,,,,,,,,,,,,,,,,,
6,,,,,,,,,,,,,,,,,,,,,,,,
7,,,,,,,,,,,,,,,,,,,,,,,,
8,,,,,,,,,,,,,,25.0,,26.0,25.0,23.0,27.0,29.0,29.0,31.0,27.0,24.0
9,23.0,21.0,21.0,20.0,20.0,18.0,27.0,27.0,,,26.0,25.0,23.0,22.0,20.0,,23.0,24.0,29.0,28.0,29.0,30.0,29.0,28.0
10,22.0,17.0,25.0,26.0,30.0,31.0,31.0,29.0,24.0,29.0,32.0,40.0,52.0,33.0,36.0,35.0,34.0,27.0,29.0,32.0,34.0,32.0,27.0,26.0
11,23.0,20.0,27.0,30.0,30.0,29.0,27.0,25.0,20.0,19.0,16.0,20.0,22.0,17.0,15.0,16.0,18.0,22.0,32.0,33.0,27.0,32.0,27.0,30.0
12,28.0,28.0,23.0,21.0,26.0,28.0,22.0,22.0,26.0,,30.0,27.0,27.0,34.0,27.0,23.0,33.0,26.0,28.0,37.0,37.0,39.0,31.0,30.0
13,23.0,18.0,18.0,22.0,17.0,19.0,20.0,20.0,33.0,29.0,28.0,34.0,26.0,26.0,,,,,38.0,28.0,24.0,23.0,25.0,24.0
14,28.0,27.0,26.0,24.0,,,,,,,,,,32.0,23.0,19.0,22.0,,,,,,,
15,,,,,,,,,,,12.0,14.0,17.0,16.0,22.0,22.0,19.0,18.0,21.0,22.0,17.0,,,
16,,,,,,,,,,,20.0,16.0,22.0,21.0,15.0,17.0,25.0,25.0,19.0,23.0,28.0,16.0,17.0,18.0
17,15.0,23.0,15.0,16.0,23.0,24.0,25.0,24.0,24.0,25.0,22.0,22.0,20.0,22.0,28.0,30.0,24.0,21.0,21.0,20.0,19.0,18.0,21.0,19.0
18,21.0,19.0,17.0,15.0,17.0,16.0,,,,25.0,20.0,20.0,19.0,24.0,21.0,22.0,20.0,19.0,18.0,,,,,
19,,,,,,,,,,18.0,14.0,15.0,17.0,,,16.0,18.0,31.0,31.0,31.0,33.0,35.0,,
20,,,,,,,,,,,,,,,,,,,,,41.0,17.0,17.0,21.0
21,21.0,20.0,26.0,26.0,19.0,18.0,18.0,21.0,26.0,35.0,39.0,,,,,,,40.0,35.0,36.0,40.0,46.0,50.0,57.0
22,71.0,,,,,,,,,,,41.0,40.0,,,,,,,,,,,
23,,,,,,,,,,,,,,,,,,,,,,,,
24,,,,,,,,,,,,,,,,,,,,,,,,
25,,,,,,,,,,,,,,,,,,,,,,,,
26,,,,,,,,,,,,,,,,,,,,,,,,
27,,,,,,,,,,,,,,28.0,28.0,22.0,30.0,29.0,35.0,30.0,35.0,33.0,35.0,19.0
28,,,,,,,,,,,20.0,90.0,35.0,32.0,23.0,20.0,39.0,31.0,24.0,23.0,,,,
29,,,,,,,,,,,,,,,,23.0,20.0,21.0,23.0,23.0,28.0,24.0,19.0,20.0
30,19.0,18.0,19.0,19.0,18.0,17.0,18.0,20.0,21.0,20.0,18.0,22.0,24.0,21.0,19.0,15.0,22.0,25.0,18.0,22.0,18.0,18.0,18.0,17.0
"
"
October-2023,00:00:00,01:00:00,02:00:00,03:00:00,04:00:00,05:00:00,06:00:00,07:00:00,08:00:00,09:00:00,10:00:00,11:00:00,12:00:00,13:00:00,14:00:00,15:00:00,16:00:00,17:00:00,18:00:00,19:00:00,20:00:00,21:00:00,22:00:00,23:00:00
1,16.0,16.0,18.0,18.0,18.0,18.0,18.0,18.0,18.0,18.0,19.0,19.0,21,20,23,24,18,30,29.0,24.0,24.0,24.0,21.0,29.0
2,21.0,27.0,24.0,22.0,18.0,21.0,,,,46.0,58.0,73.0,74,60,58,57,57,51,,,,,,
3,,,,,,,,,,,,,66,64,67,76,74,74,74.0,76.0,92.0,109.0,119.0,111.0
4,74.0,59.0,52.0,58.0,62.0,61.0,58.0,62.0,79.0,82.0,86.0,89.0,81,81,78,76,78,104,168.0,189.0,64.0,50.0,44.0,62.0
5,78.0,73.0,56.0,45.0,41.0,42.0,46.0,45.0,52.0,60.0,77.0,82.0,66,62,78,94,69,66,64.0,75.0,76.0,85.0,101.0,106.0
6,110.0,108.0,81.0,58.0,52.0,53.0,53.0,58.0,72.0,77.0,74.0,72.0,78,76,79,84,71,72,72.0,82.0,96.0,113.0,129.0,115.0
7,108.0,97.0,83.0,63.0,57.0,58.0,61.0,66.0,74.0,86.0,91.0,92.0,85,80,82,79,79,96,99.0,104.0,112.0,118.0,114.0,106.0
8,96.0,87.0,84.0,63.0,56.0,52.0,54.0,77.0,77.0,77.0,84.0,94.0,112,97,75,82,88,89,81.0,94.0,100.0,58.0,32.0,41.0
9,59.0,63.0,66.0,48.0,52.0,45.0,44.0,45.0,54.0,51.0,73.0,92.0,72,60,64,56,65,71,87.0,81.0,,,,
10,,,,,,,,,,80.0,93.0,115.0,90,72,76,75,68,60,66.0,72.0,80.0,92.0,88.0,83.0
11,72.0,70.0,50.0,45.0,40.0,29.0,33.0,22.0,33.0,38.0,59.0,77.0,83,98,86,91,79,57,72.0,79.0,72.0,71.0,85.0,106.0
12,96.0,96.0,84.0,92.0,93.0,81.0,64.0,70.0,92.0,135.0,136.0,94.0,85,86,82,75,77,88,100.0,107.0,114.0,115.0,122.0,119.0
13,106.0,92.0,88.0,90.0,87.0,89.0,90.0,103.0,117.0,114.0,103.0,74.0,65,63,55,46,45,48,58.0,79.0,90.0,89.0,101.0,97.0
14,92.0,87.0,72.0,69.0,72.0,79.0,94.0,115.0,103.0,112.0,102.0,96.0,90,78,70,63,64,60,66.0,74.0,92.0,101.0,84.0,79.0
15,88.0,92.0,83.0,83.0,67.0,55.0,69.0,81.0,83.0,74.0,78.0,74.0,69,61,56,48,42,44,52.0,63.0,61.0,70.0,66.0,67.0
16,74.0,60.0,57.0,61.0,82.0,72.0,,,,110.0,102.0,87.0,79,70,68,65,64,66,75.0,88.0,100.0,112.0,83.0,60.0
17,60.0,54.0,60.0,45.0,47.0,50.0,45.0,49.0,53.0,56.0,70.0,85.0,78,70,64,64,70,82,89.0,100.0,107.0,106.0,104.0,101.0
18,93.0,76.0,70.0,64.0,54.0,60.0,74.0,82.0,98.0,109.0,108.0,104.0,97,88,84,86,91,99,89.0,103.0,109.0,110.0,106.0,105.0
19,102.0,90.0,90.0,85.0,81.0,82.0,86.0,81.0,93.0,130.0,114.0,110.0,105,98,94,88,93,96,106.0,115.0,149.0,176.0,164.0,136.0
20,134.0,138.0,136.0,128.0,142.0,142.0,160.0,109.0,115.0,119.0,114.0,115.0,106,93,94,96,18,16,23.0,33.0,40.0,34.0,20.0,18.0
21,13.0,12.0,15.0,12.0,10.0,11.0,20.0,22.0,26.0,26.0,24.0,35.0,28,44,22,43,32,52,113.0,114.0,117.0,119.0,122.0,105.0
22,100.0,62.0,65.0,67.0,65.0,74.0,65.0,75.0,91.0,85.0,76.0,83.0,88,84,75,68,72,77,75.0,83.0,105.0,101.0,83.0,88.0
23,93.0,102.0,111.0,107.0,97.0,112.0,110.0,106.0,99.0,115.0,112.0,83.0,74,62,59,54,47,49,56.0,69.0,88.0,98.0,106.0,91.0
24,94.0,85.0,68.0,68.0,68.0,63.0,64.0,74.0,89.0,98.0,76.0,63.0,56,43,42,36,36,42,46.0,65.0,89.0,,,
25,,,,,,,,,,,157.0,90.0,74,57,49,52,42,54,59.0,65.0,80.0,91.0,103.0,94.0
26,91.0,87.0,87.0,92.0,96.0,121.0,110.0,106.0,128.0,143.0,143.0,109.0,71,73,67,58,49,54,60.0,71.0,82.0,99.0,110.0,108.0
27,109.0,82.0,78.0,83.0,93.0,97.0,122.0,151.0,161.0,147.0,120.0,96.0,94,108,90,90,96,90,92.0,94.0,115.0,149.0,128.0,89.0
28,76.0,62.0,48.0,42.0,39.0,60.0,68.0,56.0,66.0,66.0,71.0,80.0,74,73,66,62,61,64,67.0,72.0,82.0,78.0,72.0,63.0
29,60.0,63.0,73.0,71.0,63.0,63.0,68.0,72.0,80.0,67.0,59.0,58.0,51,38,42,41,43,45,52.0,54.0,50.0,54.0,63.0,65.0
30,68.0,57.0,47.0,57.0,49.0,38.0,42.0,44.0,60.0,67.0,66.0,64.0,56,56,54,51,46,60,63.0,60.0,52.0,66.0,61.0,62.0
31,57.0,60.0,70.0,66.0,74.0,92.0,99.0,124.0,154.0,145.0,142.0,146.0,135,101,91,96,103,100,111.0,106.0,113.0,114.0,93.0,122.0
"
"
November-2023,00:00:00,01:00:00,02:00:00,03:00:00,04:00:00,05:00:00,06:00:00,07:00:00,08:00:00,09:00:00,10:00:00,11:00:00,12:00:00,13:00:00,14:00:00,15:00:00,16:00:00,17:00:00,18:00:00,19:00:00,20:00:00,21:00:00,22:00:00,23:00:00
1,147.0,74.0,66.0,67.0,70.0,66.0,81.0,76.0,85.0,90.0,88.0,88.0,76.0,70.0,66.0,57.0,55.0,58.0,61.0,70.0,83.0,88.0,88.0,95.0
2,89.0,93.0,85.0,79.0,82.0,88.0,89.0,94.0,79.0,83.0,70.0,71.0,53.0,42.0,41.0,39.0,31.0,43.0,,49.0,56.0,57.0,59.0,38.0
3,30.0,30.0,23.0,16.0,20.0,23.0,,,,44.0,40.0,35.0,36.0,36.0,27.0,28.0,27.0,33.0,41.0,40.0,48.0,43.0,42.0,38.0
4,38.0,26.0,24.0,,,,,,,,55.0,45.0,39.0,30.0,37.0,30.0,34.0,,,,,,,
5,,,,,,,,,,,33.0,28.0,24.0,18.0,22.0,30.0,31.0,30.0,35.0,40.0,41.0,40.0,37.0,41.0
6,30.0,26.0,25.0,,,,,,,52.0,45.0,39.0,37.0,47.0,56.0,72.0,66.0,66.0,50.0,48.0,57.0,70.0,60.0,7.0
7,19.0,18.0,17.0,14.0,17.0,17.0,17.0,15.0,19.0,20.0,,,20.0,98.0,51.0,31.0,38.0,30.0,,42.0,46.0,54.0,56.0,42.0
8,39.0,32.0,27.0,30.0,23.0,22.0,19.0,19.0,22.0,30.0,26.0,34.0,38.0,41.0,37.0,26.0,27.0,,42.0,31.0,22.0,22.0,31.0,43.0
9,46.0,48.0,36.0,42.0,42.0,30.0,45.0,43.0,46.0,60.0,68.0,60.0,48.0,50.0,55.0,,,,,89.0,89.0,88.0,82.0,67.0
10,58.0,56.0,58.0,52.0,62.0,66.0,63.0,78.0,73.0,80.0,78.0,77.0,70.0,,71.0,70.0,69.0,66.0,70.0,86.0,108.0,115.0,112.0,108.0
11,93.0,122.0,122.0,125.0,115.0,100.0,96.0,86.0,97.0,106.0,88.0,71.0,59.0,,47.0,46.0,47.0,59.0,77.0,90.0,99.0,100.0,120.0,131.0
12,105.0,98.0,96.0,100.0,114.0,101.0,109.0,101.0,122.0,140.0,116.0,100.0,93.0,73.0,72.0,65.0,70.0,,,,,,,
13,,,,,,,,,,174.0,180.0,173.0,115.0,98.0,98.0,94.0,92.0,88.0,92.0,119.0,229.0,337.0,341.0,316.0
14,200.0,143.0,159.0,174.0,159.0,139.0,142.0,142.0,192.0,198.0,179.0,186.0,148.0,135.0,130.0,109.0,137.0,140.0,134.0,99.0,157.0,272.0,313.0,293.0
15,,,,,,,,,,202.0,171.0,165.0,140.0,136.0,118.0,102.0,98.0,99.0,117.0,118.0,153.0,162.0,163.0,162.0
16,125.0,104.0,95.0,100.0,101.0,108.0,127.0,142.0,149.0,118.0,102.0,128.0,125.0,110.0,74.0,66.0,59.0,75.0,111.0,94.0,126.0,153.0,153.0,76.0
17,86.0,113.0,136.0,154.0,179.0,163.0,188.0,204.0,222.0,230.0,210.0,194.0,137.0,99.0,80.0,61.0,58.0,63.0,74.0,86.0,98.0,93.0,,
18,,,,,,,,,,,,64.0,62.0,50.0,45.0,43.0,47.0,48.0,50.0,72.0,87.0,88.0,76.0,64.0
19,52.0,41.0,28.0,28.0,31.0,29.0,31.0,44.0,54.0,60.0,58.0,61.0,47.0,42.0,38.0,33.0,34.0,34.0,43.0,52.0,59.0,68.0,56.0,64.0
20,52.0,53.0,51.0,47.0,45.0,48.0,46.0,50.0,54.0,66.0,63.0,58.0,45.0,42.0,41.0,28.0,,34.0,45.0,53.0,56.0,54.0,59.0,61.0
21,54.0,53.0,56.0,52.0,50.0,58.0,75.0,73.0,75.0,64.0,45.0,38.0,42.0,42.0,39.0,35.0,32.0,30.0,31.0,36.0,42.0,48.0,49.0,42.0
22,,,,,,,,,,31.0,44.0,35.0,36.0,35.0,32.0,30.0,34.0,22.0,28.0,28.0,29.0,31.0,51.0,39.0
23,33.0,30.0,30.0,30.0,29.0,30.0,27.0,30.0,44.0,50.0,39.0,38.0,34.0,,,33.0,39.0,44.0,62.0,60.0,38.0,39.0,53.0,75.0
24,79.0,46.0,38.0,39.0,,,,,,56.0,51.0,53.0,42.0,42.0,39.0,46.0,48.0,40.0,54.0,60.0,53.0,,,
25,,,,,,,,,,,,,,,,,29.0,28.0,56.0,38.0,67.0,92.0,79.0,73.0
26,49.0,42.0,43.0,44.0,46.0,50.0,56.0,73.0,85.0,82.0,81.0,72.0,70.0,60.0,62.0,,,,,71.0,,,,
27,,,,,,,,,,54.0,60.0,46.0,43.0,44.0,39.0,36.0,33.0,35.0,48.0,56.0,63.0,,,
28,,,,,,,,,,62.0,58.0,51.0,45.0,38.0,32.0,37.0,44.0,54.0,64.0,82.0,94.0,103.0,63.0,
29,,,,,,,,,,,42.0,34.0,32.0,35.0,39.0,30.0,34.0,44.0,44.0,48.0,45.0,36.0,27.0,23.0
30,19.0,18.0,16.0,12.0,14.0,14.0,18.0,19.0,22.0,28.0,27.0,45.0,32.0,36.0,44.0,36.0,40.0,40.0,44.0,47.0,35.0,45.0,34.0,31.0
"
"
December-2023,00:00:00,01:00:00,02:00:00,03:00:00,04:00:00,05:00:00,06:00:00,07:00:00,08:00:00,09:00:00,10:00:00,11:00:00,12:00:00,13:00:00,14:00:00,15:00:00,16:00:00,17:00:00,18:00:00,19:00:00,20:00:00,21:00:00,22:00:00,23:00:00
1,29.0,23.0,16.0,18.0,17.0,17.0,17.0,18.0,27.0,44.0,42.0,39.0,39.0,36.0,33.0,34.0,30.0,30.0,41.0,60.0,58.0,43.0,34.0,38.0
2,36.0,38.0,36.0,38.0,37.0,40.0,44.0,46.0,58.0,78.0,74.0,75.0,71.0,62.0,61.0,57.0,54.0,49.0,56.0,58.0,63.0,62.0,48.0,32.0
3,25.0,29.0,29.0,24.0,18.0,17.0,17.0,20.0,26.0,28.0,30.0,28.0,20.0,20.0,,,,,,,,,,
4,,,,,,,,,,41.0,40.0,40.0,24.0,22.0,24.0,25.0,28.0,30.0,34.0,41.0,40.0,34.0,33.0,35.0
5,40.0,35.0,36.0,36.0,27.0,28.0,27.0,40.0,46.0,53.0,64.0,62.0,46.0,39.0,32.0,21.0,28.0,29.0,33.0,38.0,42.0,44.0,48.0,38.0
6,52.0,61.0,57.0,53.0,35.0,36.0,44.0,48.0,68.0,77.0,68.0,61.0,56.0,54.0,62.0,62.0,56.0,48.0,49.0,69.0,93.0,122.0,125.0,107.0
7,94.0,65.0,62.0,56.0,57.0,72.0,80.0,74.0,80.0,90.0,92.0,77.0,87.0,89.0,77.0,64.0,64.0,75.0,87.0,114.0,125.0,115.0,101.0,117.0
8,87.0,,,,,,,,,,,,70.0,65.0,64.0,69.0,62.0,65.0,81.0,84.0,84.0,94.0,96.0,91.0
9,85.0,82.0,70.0,56.0,59.0,55.0,52.0,59.0,69.0,98.0,101.0,98.0,88.0,63.0,65.0,72.0,70.0,74.0,76.0,80.0,84.0,86.0,89.0,88.0
10,88.0,87.0,83.0,86.0,84.0,76.0,67.0,77.0,84.0,99.0,113.0,107.0,88.0,66.0,62.0,58.0,68.0,65.0,67.0,65.0,65.0,69.0,68.0,72.0
11,72.0,63.0,57.0,55.0,68.0,72.0,70.0,63.0,70.0,74.0,76.0,79.0,74.0,74.0,71.0,68.0,65.0,73.0,74.0,84.0,80.0,91.0,90.0,90.0
12,94.0,92.0,80.0,90.0,96.0,98.0,99.0,118.0,107.0,103.0,102.0,88.0,79.0,72.0,65.0,61.0,66.0,72.0,74.0,80.0,89.0,99.0,112.0,94.0
13,81.0,82.0,80.0,76.0,95.0,102.0,93.0,98.0,127.0,111.0,95.0,90.0,85.0,79.0,69.0,87.0,88.0,,75.0,73.0,84.0,96.0,96.0,91.0
14,83.0,77.0,79.0,80.0,82.0,84.0,87.0,91.0,91.0,115.0,99.0,94.0,86.0,88.0,82.0,88.0,83.0,91.0,108.0,109.0,115.0,113.0,97.0,98.0
15,100.0,121.0,112.0,88.0,88.0,88.0,85.0,96.0,100.0,144.0,150.0,118.0,92.0,92.0,81.0,78.0,74.0,84.0,91.0,128.0,141.0,134.0,,140.0
16,90.0,71.0,61.0,54.0,64.0,46.0,38.0,54.0,72.0,79.0,78.0,89.0,91.0,60.0,45.0,56.0,58.0,53.0,43.0,58.0,56.0,56.0,82.0,92.0
17,94.0,79.0,69.0,70.0,63.0,63.0,66.0,74.0,75.0,98.0,114.0,115.0,110.0,84.0,80.0,78.0,78.0,68.0,66.0,74.0,79.0,93.0,98.0,82.0
18,81.0,92.0,95.0,81.0,83.0,,,,,,,116.0,109.0,108.0,112.0,104.0,108.0,114.0,121.0,123.0,132.0,128.0,154.0,164.0
19,164.0,165.0,168.0,,,,,,,,222.0,180.0,158.0,154.0,151.0,132.0,113.0,104.0,121.0,134.0,145.0,149.0,158.0,160.0
20,151.0,168.0,169.0,192.0,186.0,213.0,,,,,214.0,184.0,155.0,140.0,114.0,108.0,95.0,86.0,80.0,,128.0,132.0,142.0,160.0
21,166.0,169.0,192.0,188.0,198.0,158.0,146.0,142.0,147.0,163.0,164.0,101.0,86.0,72.0,70.0,63.0,69.0,73.0,76.0,96.0,118.0,130.0,132.0,132.0
22,129.0,137.0,129.0,104.0,96.0,92.0,102.0,104.0,126.0,160.0,177.0,151.0,106.0,88.0,88.0,78.0,78.0,82.0,83.0,94.0,103.0,138.0,144.0,128.0
23,151.0,207.0,217.0,218.0,223.0,205.0,218.0,241.0,233.0,255.0,298.0,211.0,127.0,103.0,86.0,80.0,84.0,90.0,106.0,121.0,123.0,109.0,123.0,130.0
24,160.0,144.0,173.0,189.0,172.0,162.0,187.0,225.0,249.0,228.0,163.0,131.0,90.0,76.0,66.0,58.0,36.0,44.0,62.0,78.0,88.0,90.0,,
25,,,,,,,,,,,,,,,,,,,,,,,,
26,,,,,,,,,,94.0,82.0,73.0,75.0,69.0,,,47.0,56.0,55.0,71.0,92.0,94.0,84.0,81.0
27,82.0,70.0,63.0,75.0,82.0,88.0,86.0,82.0,93.0,100.0,81.0,70.0,60.0,55.0,50.0,45.0,45.0,50.0,58.0,70.0,102.0,110.0,91.0,91.0
28,84.0,88.0,99.0,95.0,99.0,122.0,121.0,102.0,99.0,97.0,79.0,78.0,73.0,60.0,58.0,54.0,47.0,50.0,58.0,64.0,83.0,78.0,76.0,72.0
29,70.0,72.0,,,,,,,,70.0,78.0,59.0,62.0,70.0,63.0,56.0,54.0,62.0,53.0,63.0,71.0,82.0,89.0,73.0
30,54.0,51.0,57.0,62.0,43.0,44.0,40.0,43.0,60.0,64.0,61.0,59.0,63.0,59.0,,,,,,,,,,
31,,,,,,,,,,78.0,75.0,76.0,68.0,67.0,68.0,69.0,65.0,64.0,68.0,76.0,90.0,94.0,86.0,76.0
"
"
